claim_id,object,field,value,unit,tenure,tier,area,applies_from,applies_to,source_url,quote,note
inc2002_apply,inclusionary,applies to applications filed on or after,2001-06-18,,,,citywide,2001-06-18,,https://sfbos.archive.sf.gov/ftp/uploadedfiles/bdsupvrs/ordinances02/o0037-02.pdf,"on or after June 18, 2001 for housing projects which","Section 315.3(a)(1)-(3): building, site, CU and PUD applications filed on or after this date."
inc2002_threshold,inclusionary,unit threshold,10,units,,,citywide,,,https://sfbos.archive.sf.gov/ftp/uploadedfiles/bdsupvrs/ordinances02/o0037-02.pdf,consist often or more units; and do not require,"OCR reads ""of ten"" as ""often""."
inc2002_onsite_10,inclusionary,"on-site share, no CU/PUD",10,% of units,,10+,citywide,2001-06-18,,https://sfbos.archive.sf.gov/ftp/uploadedfiles/bdsupvrs/ordinances02/o0037-02.pdf,"315.3(a)(1), as a condition ofPlanning Department approval ofa project's building pennit, that 10%",
inc2002_onsite_12,inclusionary,"on-site share, CU/PUD/live-work",12,% of units,,10+,citywide,2001-06-18,,https://sfbos.archive.sf.gov/ftp/uploadedfiles/bdsupvrs/ordinances02/o0037-02.pdf,live/work project that 12 12% ofall units constructed on the project site,The line number 12 precedes the figure in the text layer.
inc2002_offsite_15,inclusionary,"off-site share, no CU/PUD",15,% of units,,10+,citywide,2001-06-18,,https://sfbos.archive.sf.gov/ftp/uploadedfiles/bdsupvrs/ordinances02/o0037-02.pdf,"For projects described in 315.3(a)(1), 15% as follows",
inc2002_offsite_17,inclusionary,"off-site share, CU/PUD/live-work",17,% of units,,10+,citywide,2001-06-18,,https://sfbos.archive.sf.gov/ftp/uploadedfiles/bdsupvrs/ordinances02/o0037-02.pdf,"For projects described in 315.3(a)(2),(3), and (4),170/0 as follows","OCR reads ""17%"" as ""170/0""; the page shows 17%."
inc2002_fee_basis,inclusionary,in-lieu fee basis,off-site unit count x affordability gap,,,,citywide,,,https://sfbos.archive.sf.gov/ftp/uploadedfiles/bdsupvrs/ordinances02/o0037-02.pdf,The number ofunits required bv Section 315.5 ifthe project applicant were to elect to 8 meet the requirements ofthis section bv off-site housing development,Section 315.6(b)(1); (b)(2) is the affordability gap from the 1997 Jobs Housing Nexus Analysis.
inc2002_transition,inclusionary,"transitional on-site share, first 180 days, no CU/PUD",5,% of units,,,citywide,,,https://sfbos.archive.sf.gov/ftp/uploadedfiles/bdsupvrs/ordinances02/o0037-02.pdf,from the effective date ofthis legislation and 180 days thereafter shall be 5%,
inc2002_effective,inclusionary,program effective date,2002-04-05,,,,citywide,,,https://sfbos.archive.sf.gov/ftp/uploadedfiles/bdsupvrs/ordinances13/o0062-13.pdf,"(b) The effective date of these requirements shall be either April 5, 2002, which is the",Stated by the 2013 ordinance (62-13) in Section 415.3(b).
inc2006_5to9,inclusionary,threshold lowered to 5 units for first applications on or after,2006-07-18,,,5-9,citywide,2006-07-18,,https://sfbos.archive.sf.gov/ftp/uploadedfiles/bdsupvrs/ordinances06/o0213-06.pdf,"first application, including an environmental evaluation application or any other Planning 17 Department application on or after July 18, 2006",
inc2006_onsite_15,inclusionary,"on-site share, all project types",15,% of units,,5+,citywide,,,https://sfbos.archive.sf.gov/ftp/uploadedfiles/bdsupvrs/ordinances06/o0219-06.pdf,applicant must constructzc ./5 times the total number,"The text layer reads "".15"" as ""./5""; the page (p. 32) shows ""10%"" struck and ""15%"" added, now applying also to CU/PUD/live-work projects."
inc2006_offsite_20,inclusionary,off-site share,20,% of units,,5+,citywide,,,https://sfbos.archive.sf.gov/ftp/uploadedfiles/bdsupvrs/ordinances06/o0219-06.pdf,H% 20% so that a project applicant must construct,The struck figure before 20% is garbled in the text layer.
inc2006_vesting,inclusionary,vesting: first site or building permit before the effective date keeps prior requirements,first site/building permit,,,,citywide,,,https://sfbos.archive.sf.gov/ftp/uploadedfiles/bdsupvrs/ordinances06/o0219-06.pdf,"projects that have received a first site or building permit prior to the effective date of this 3 legislation, the requirements in effect prior to the effective date of this ordinance shall apply",Section 315.3(d) as amended; the struck text before it had tied the requirements to application dates.
inc2006_passed,inclusionary,Ord. 219-06 finally passed,2006-08-01,,,,citywide,,,https://sfbos.archive.sf.gov/ftp/uploadedfiles/bdsupvrs/ordinances06/o0219-06.pdf,"FINALLY PASSED on August 1,2006",The Board's certification at the end of the enacted PDF.
inc2006_sep9,inclusionary,the 2006 amendments operative from,2006-09-09,,,,citywide,,,https://sfbos.archive.sf.gov/ftp/uploadedfiles/bdsupvrs/ordinances13/o0062-13.pdf,"approval on or after September 9, compliance option 2006","Table 415.3 (p. 8), two cells interleaved in the text layer. The page shows the rows 'On-Site units must be priced and sold at 90% of AMI...' (first site or building permit on or after September 9, 2006) and 'Project sponsor must select Program compliance option upon project approval...' (Planning approval on or after September 9, 2006)."
inc2006_enacted,inclusionary,Ord. 219-06 passed date in Legistar,2006-08-10,,,,citywide,,,https://webapi.legistar.com/v1/sfgov/matters?$filter=MatterFile eq '051685',"""MatterPassedDate"":""2006-08-10T00:00:00""",Legistar's record for File 051685. With the standard 30-day clause the effective date is on or about 2006-09-09 (inferred; the Board's pre-2011 lists print no effective date).
inc2013_table_fee20,inclusionary,"fee share, first application on or after 2006-07-18",20,% of units,,,citywide,2006-07-18,,https://sfbos.archive.sf.gov/ftp/uploadedfiles/bdsupvrs/ordinances13/o0062-13.pdf,20% Fee,"Table 415.3, row ""Affordable Housing Percentages""; the effective or operative date column reads: all projects that submitted a first application on or after July 18, 2006."
inc2013_table_onsite12,inclusionary,"on-site share, first application on or after 2006-07-18 (as of 62-13)",12,% of units,,,citywide,2006-07-18,,https://sfbos.archive.sf.gov/ftp/uploadedfiles/bdsupvrs/ordinances13/o0062-13.pdf,12% on-site*,"The page shows ""15"" struck and ""12"" added; the text layer garbles the struck figure."
inc2013_table_offsite20,inclusionary,"off-site share, first application on or after 2006-07-18",20,% of units,,,citywide,2006-07-18,,https://sfbos.archive.sf.gov/ftp/uploadedfiles/bdsupvrs/ordinances13/o0062-13.pdf,20% off-site*,
inc2013_table_july18,inclusionary,date column of the percentages row,2006-07-18,,,,citywide,,,https://sfbos.archive.sf.gov/ftp/uploadedfiles/bdsupvrs/ordinances13/o0062-13.pdf,"application on or after July 18, 2006 .J..§.12% on-site*",The table is two columns interleaved in the text layer; this is the date cell beside the percentages.
inc2013_threshold10,inclusionary,threshold back to 10: 5-9 unit projects without a first construction document by,2013-01-15,,,5-9,citywide,,2013-01-15,https://sfbos.archive.sf.gov/ftp/uploadedfiles/bdsupvrs/ordinances13/o0062-13.pdf,"construction document as of January 15,2013",
inc2013_table_disclaimer,inclusionary,the ordinances prevail over the table,yes,,,,citywide,,,https://sfbos.archive.sf.gov/ftp/uploadedfiles/bdsupvrs/ordinances13/o0062-13.pdf,the 23 implementing ordinances shall prevail,
inc2013_effective,inclusionary,Ord. 62-13 effective,2013-05-10,,,,citywide,,,https://sfbos.org/ordinances-2013,"121162 0062-13 05/10/2013 Planning Code - Inclusionary Affordable Housing Program, Updates, and Clarifications",
inc2016_fee20,inclusionary,"fee share, 10-24 units",20,% of units,,10-24,citywide,,,http://www.sfbos.org/ftp/uploadedfiles/bdsupvrs/ordinances16/o0076-16.pdf,The applicable percentage shall be 20% percent [or 19 housing development projects consisting of 10 dwelling units or more. but less than 25 dwelling units,"""[or"" is the OCR reading of ""for""."
inc2016_fee33,inclusionary,"fee share, 25+ units",33,% of units,,25+,citywide,,,http://www.sfbos.org/ftp/uploadedfiles/bdsupvrs/ordinances16/o0076-16.pdf,consisting of 25 dwelling units or more shall be 21 33%,
inc2016_onsite,inclusionary,"on-site share, 10-24 / 25+ units",12 / 25,% of units,,,citywide,,,http://www.sfbos.org/ftp/uploadedfiles/bdsupvrs/ordinances16/o0076-16.pdf,"that 12% or 25% percent, as applicable",
inc2016_fee_timing,inclusionary,fee due at first construction document,first construction document,,,,citywide,,,http://www.sfbos.org/ftp/uploadedfiles/bdsupvrs/ordinances16/o0076-16.pdf,at the time of and in no 1 O event later than issuance of the first construction document,
propc2016,inclusionary,Proposition C (Charter 16.110) approved by the voters,2016-06-07,,,,citywide,,,https://sfbos.archive.sf.gov/sites/default/files/o0158-17.pdf,"following voter approval of Proposition Cat the June 7, 2016 election to revise the 13 City Charter's inclusionary affordable housing requirements","Ord. 158-17, Section 2(a); the text layer runs 'Proposition C at' together."
propc2016_contingent,inclusionary,76-16's new percentages effective only with the June 2016 Charter amendment,Charter 16.110,,,,citywide,,,http://www.sfbos.org/ftp/uploadedfiles/bdsupvrs/ordinances16/o0076-16.pdf,"will become effective only on the effective date of the 16 Charter amendment revising Section 16.110 at the June 7, 2016 election",
propc2012,inclusionary,Proposition C (November 2012) codified in part as Charter 16.110,2012-11,,,,citywide,,,http://www.sfbos.org/ftp/uploadedfiles/bdsupvrs/ordinances16/o0076-16.pdf,In ~V-ovember 2012 the voters amended the Charter by adopting Pr0J3osition C,Struck text in Ord. 76-16's Section 415.1; the text layer garbles it. It names the Housing Trust Fund amendment; its terms were not read.
ord_effective_30days,procedure,SF ordinances take effect 30 days after enactment,30 days,,,,citywide,,,http://www.sfbos.org/ftp/uploadedfiles/bdsupvrs/ordinances16/o0076-16.pdf,This ordinance shall become effective 30 days after 16 enactment,"The standard effective-date clause, here in Ord. 76-16, Section 9."
inc2016_effective,inclusionary,Ord. 76-16 effective,2016-06-12,,,,citywide,,,https://sfbos.org/ordinances-2016,"160255 0076-16 06/12/2016 Planning, Administrative Codes - Inclusionary Affordable Housing Fee and Requirements",
inc2017_effective,inclusionary,Ord. 158-17 effective,2017-08-26,,,,citywide,,,https://sfbos.org/ordinances-2017,161351 0158-17 08/26/2017 Planning Code - Inclusionary Affordable Housing Fee and Dwelling Unit Mix Requirements,
inc2017_cutoff,inclusionary,the keep-prior-requirements cutoff moved from 2013-01-01 to 2016-01-12,2016-01-12,,,,citywide,,,https://sfbos.archive.sf.gov/sites/default/files/o0158-17.pdf,"application prior to January 4, ~ 12, 2016 shall comply with the Affordable Housing Fee","Section 415.3(b). The page (p. 6) shows ""1, 2013"" struck and ""12, 2016"" inserted; the text layer reads the struck part as ""4, ~""."
inc2017_after2016,inclusionary,EEA after 2016-01-12: Sections 415.5-415.7 as applicable,2016-01-12,,,,citywide,,,https://sfbos.archive.sf.gov/sites/default/files/o0158-17.pdf,"Any development project that submits an Environmental Evaluation 18 application after January 12, 2016, shall comply with the requirements set forth in Planning 19 Code Sections 415.5, 415.6 and 415.7, as applicable",Unchanged text carried from Ord. 76-16. It does not say which version of 415.5-415.7 applies to a project filed between 2016-01-12 and 2017-08-26.
cod_4153_pre2016,inclusionary,complete EEA before 2016-01-12 keeps the requirements in effect on 2016-01-12,2016-01-12,,,,citywide,,,https://web.archive.org/web/20201203043840id_/https://codelibrary.amlegal.com/codes/san_francisco/latest/sf_planning/0-0-0-23840,"any development project that has submitted a complete Environmental Evaluation application prior to January 12, 2016 shall comply with the Affordable Housing Fee requirements",
cod_4153_25plus,inclusionary,grandfathering tiers apply to projects of 25+ units with EEA on or after 2013-01-01,2013-01-01,,,,citywide,,,https://web.archive.org/web/20201203043840id_/https://codelibrary.amlegal.com/codes/san_francisco/latest/sf_planning/0-0-0-23840,"For development projects that have submitted a complete Environmental Evaluation application on or after January 1, 2013, the requirements set forth in Planning Code Sections 415.5 , 415.6 , and 415.7 shall apply to certain development projects consisting of 25 dwelling units or more",
cod_4153_on13,inclusionary,"on-site, 25+, EEA before 2014-01-01",13,% of units,,25+,citywide,2013-01-01,2013-12-31,https://web.archive.org/web/20201203043840id_/https://codelibrary.amlegal.com/codes/san_francisco/latest/sf_planning/0-0-0-23840,"prior to January 1, 2014 shall provide affordable units in the amount of 13% of the number of units constructed on-site",
cod_4153_on135,inclusionary,"on-site, 25+, EEA before 2015-01-01",13.5,% of units,,25+,citywide,2014-01-01,2014-12-31,https://web.archive.org/web/20201203043840id_/https://codelibrary.amlegal.com/codes/san_francisco/latest/sf_planning/0-0-0-23840,"prior to January 1, 2015 shall provide affordable units in the amount of 13.5% of the number of units constructed on-site",
cod_4153_on145,inclusionary,"on-site, 25+, EEA on or before 2016-01-12",14.5,% of units,,25+,citywide,2015-01-01,2016-01-12,https://web.archive.org/web/20201203043840id_/https://codelibrary.amlegal.com/codes/san_francisco/latest/sf_planning/0-0-0-23840,"on or prior to January 12, 2016 shall provide affordable units in the amount of 14.5% of the number of units constructed on-site",
cod_4153_fee25,inclusionary,"fee/off-site, 25+, EEA before 2014-01-01",25,% of units,,25+,citywide,2013-01-01,2013-12-31,https://web.archive.org/web/20201203043840id_/https://codelibrary.amlegal.com/codes/san_francisco/latest/sf_planning/0-0-0-23840,"prior to January 1, 2014, shall pay a fee or provide off-site housing in an amount equivalent to 25% of the number of units constructed on-site",
cod_4153_fee275,inclusionary,"fee/off-site, 25+, EEA before 2015-01-01",27.5,% of units,,25+,citywide,2014-01-01,2014-12-31,https://web.archive.org/web/20201203043840id_/https://codelibrary.amlegal.com/codes/san_francisco/latest/sf_planning/0-0-0-23840,"prior to January 1, 2015, shall pay a fee or provide off-site housing in an amount equivalent to 27.5% of the number of units constructed on-site",
cod_4153_fee30,inclusionary,"fee/off-site, 25+, EEA on or before 2016-01-12",30,% of units,,25+,citywide,2015-01-01,2016-01-12,https://web.archive.org/web/20201203043840id_/https://codelibrary.amlegal.com/codes/san_francisco/latest/sf_planning/0-0-0-23840,"on or prior to January 12, 2016 shall pay a fee or provide off-site housing in an amount equivalent to 30% of the number of units constructed on-site",
cod_4153_deadline,inclusionary,grandfathered tiers lapse if not approved on or before 2018-12-07,2018-12-07,,,,citywide,,,https://web.archive.org/web/20201203043840id_/https://codelibrary.amlegal.com/codes/san_francisco/latest/sf_planning/0-0-0-23840,"In the event the project has not been approved, which shall mean approval following any administrative appeal to the relevant City board, on or before December 7, 2018",
cod_4153_exempt,inclusionary,projects with a final first discretionary approval on or before 2016-01-12 keep their existing approvals,2016-01-12,,,,citywide,,,https://web.archive.org/web/20201203043840id_/https://codelibrary.amlegal.com/codes/san_francisco/latest/sf_planning/0-0-0-23840,"any housing development project that has procured a final first discretionary development entitlement approval, which shall mean approval following any administrative appeal to the relevant City board, on or before January 12, 2016",
cod_4153_threshold,inclusionary,unit threshold,10,units,,,citywide,,,https://web.archive.org/web/20201203043840id_/https://codelibrary.amlegal.com/codes/san_francisco/latest/sf_planning/0-0-0-23840,shall apply to any housing project that consists of 10 or more units,
cod_4155_fee20,inclusionary,"fee share, 10-24 units",20,% of units,,10-24,citywide,,,https://web.archive.org/web/20201126234751id_/https://codelibrary.amlegal.com/codes/san_francisco/latest/sf_planning/0-0-0-23886,"For housing development projects consisting of 10 dwelling units or more, but less than 25 dwelling units, the applicable percentage shall be 20%",
cod_4155_fee33,inclusionary,"fee share, 25+ owned",33,% of units,ownership,25+,citywide,,,https://web.archive.org/web/20201126234751id_/https://codelibrary.amlegal.com/codes/san_francisco/latest/sf_planning/0-0-0-23886,the applicable percentage shall be 33% if such units are Owned Units,
cod_4155_fee30,inclusionary,"fee share, 25+ rental",30,% of units,rental,25+,citywide,,,https://web.archive.org/web/20201126234751id_/https://codelibrary.amlegal.com/codes/san_francisco/latest/sf_planning/0-0-0-23886,the applicable percentage shall be 30% if such units are Rental Units in a Rental Housing Project,
cod_4155_vesting,inclusionary,vesting: fee fixed by the date of a complete EEA,complete EEA date,,,,citywide,,,https://web.archive.org/web/20201126234751id_/https://codelibrary.amlegal.com/codes/san_francisco/latest/sf_planning/0-0-0-23886,The applicable amount of the inclusionary housing fee shall be determined based upon the date that the project sponsor has submitted a complete Environmental Evaluation application,
cod_4155_30months,inclusionary,vesting lapses without a building or site permit within 30 months of approval,30 months,,,,citywide,,,https://web.archive.org/web/20201126234751id_/https://codelibrary.amlegal.com/codes/san_francisco/latest/sf_planning/0-0-0-23886,In the event the project sponsor does not procure a building permit or site permit for construction of the principal project within 30 months of the project's approval,
cod_4155_timing,inclusionary,fee paid at the time required by Section 402(d),402(d),,,,citywide,,,https://web.archive.org/web/20201126234751id_/https://codelibrary.amlegal.com/codes/san_francisco/latest/sf_planning/0-0-0-23886,at the time required by Section 402 (d),
cod_4155_dbl,inclusionary,fee imposed on density-bonus units,yes,,,,citywide,,,https://web.archive.org/web/20201126234751id_/https://codelibrary.amlegal.com/codes/san_francisco/latest/sf_planning/0-0-0-23886,The fee shall be imposed on any additional units or square footage authorized and developed under California Government Code Sections 65915 et seq.,
cod_4156_on12,inclusionary,"on-site, 10-24 units",12,% of units,,10-24,citywide,,,https://web.archive.org/web/20201126041954id_/https://codelibrary.amlegal.com/codes/san_francisco/latest/sf_planning/0-0-0-23919,the number of affordable units constructed on-site shall generally be 12% of all units constructed on the project site,
cod_4156_on20,inclusionary,"on-site, 25+ owned",20,% of units,ownership,25+,citywide,,,https://web.archive.org/web/20201126041954id_/https://codelibrary.amlegal.com/codes/san_francisco/latest/sf_planning/0-0-0-23919,"For any housing development project consisting of 25 or more Owned Units, the number of affordable units constructed on-site shall generally be 20%",
cod_4156_on18,inclusionary,"on-site, 25+ rental",18,% of units,rental,25+,citywide,,,https://web.archive.org/web/20201126041954id_/https://codelibrary.amlegal.com/codes/san_francisco/latest/sf_planning/0-0-0-23919,"For any Rental Housing Project consisting of 25 or more Rental Units, the number of affordable units constructed on-site shall generally be 18%",
cod_4156_esc_small,inclusionary,escalation 10-24: +0.5 each January 1 from 2018 to 15%,0.5,percentage points a year,,10-24,citywide,2018-01-01,,https://web.archive.org/web/20201126041954id_/https://codelibrary.amlegal.com/codes/san_francisco/latest/sf_planning/0-0-0-23919,"Starting on January 1, 2018, and no later than January 1 of each year thereafter, MOHCD shall increase the percentage of units required on-site for projects consisting of 10 - 24 units, as set forth in Section 415.6 (a)(1), by increments of 0.5% each year, until such requirement is 15%",
cod_4156_esc_large1,inclusionary,escalation 25+: +1.0 for 2018 and 2019,1.0,percentage points a year,,25+,citywide,2018-01-01,2019-12-31,https://web.archive.org/web/20201126041954id_/https://codelibrary.amlegal.com/codes/san_francisco/latest/sf_planning/0-0-0-23919,"For all development projects with 25 or more Owned or Rental Units, the required on-site affordable ownership housing to satisfy this Section 415.6 shall increase by 1.0% annually for two consecutive years starting January 1, 2018",
cod_4156_esc_large2,inclusionary,escalation 25+: +0.5 each year from 2020,0.5,percentage points a year,,25+,citywide,2020-01-01,,https://web.archive.org/web/20201126041954id_/https://codelibrary.amlegal.com/codes/san_francisco/latest/sf_planning/0-0-0-23919,"Starting January 1, 2020, the increase to on-site rental and ownership developments with 25 or more units shall increase by 0.5% annually",
cod_4156_caps,inclusionary,"caps: 26 owned, 24 rental",26 / 24,% of units,,25+,citywide,,,https://web.archive.org/web/20201126041954id_/https://codelibrary.amlegal.com/codes/san_francisco/latest/sf_planning/0-0-0-23919,The total on-site inclusionary affordable housing requirement shall not exceed 26% for development projects consisting of Owned Units or 24% for development projects consisting of Rental Units,
cod_4156_vesting,inclusionary,vesting: on-site share fixed by the date of a complete EEA,complete EEA date,,,,citywide,,,https://web.archive.org/web/20201126041954id_/https://codelibrary.amlegal.com/codes/san_francisco/latest/sf_planning/0-0-0-23919,The applicable amount of the percentage required for the on-site housing units shall be determined based upon the date that the project sponsor has submitted a complete Environmental Evaluation application,
cod_4156b_same,inclusionary,the 2022 text keeps the rates (Ownership/Rental Housing Project wording),20 / 18,,,,citywide,,,https://web.archive.org/web/20220814112231id_/https://codelibrary.amlegal.com/codes/san_francisco/latest/sf_planning/0-0-0-23919,"For any Ownership Housing Project consisting of 25 or more units, the number of Affordable Units constructed on-site shall generally be 20%",
inc2023_effective,inclusionary,Ord. 201-23 effective,2023-11-12,,,,citywide,,,https://sfbos.org/ordinances-2023,"230855 0201-23 11/12/2023 Planning, Administrative Codes - Development Impact Fee Reductions",
a415_pipeline,inclusionary,Pipeline Project: approved before 2023-11-01 with no first construction document by then,2023-11-01,,,,citywide,,,https://sfbos.archive.sf.gov/sites/default/files/o0201-23.pdf,"""Pipeline Proiect"" means a residential or live/work proiect that (]) is subiect to the Inclusionary Affordable Housing Ordinance, Planning Code Section 415.1 et seq., and (2) was Finally Approved prior to November 1, 2023, and (3) has not been issued a First Construction Document prior to November 1, 2023",
a415_final_approval,inclusionary,"Final Approval: approval of the first Development Application, unless appealed",first development application,,,,citywide,,,https://sfbos.archive.sf.gov/sites/default/files/o0201-23.pdf,"""Finally Approved"" or ""Final Approval"" shall mean(]) approval of a proiect's first Development Application, unless such approval is appealed",
a415_request,inclusionary,pipeline sponsors may request the reduction on or before 2026-11-01,2026-11-01,,,,citywide,,,https://sfbos.archive.sf.gov/sites/default/files/o0201-23.pdf,"On or before November 1, 2026, pro;ect sponsors of Pipeline Pro;ects shall be entitled to request a modification",
a415_fee164,inclusionary,"pipeline fee share, 10+ units",16.4,% of units,,10+,citywide,,,https://sfbos.archive.sf.gov/sites/default/files/o0201-23.pdf,Ownership or Rental Housing Pipeline Pro;ects consisting of:J:a 10 units or more. the applicable percentage shall be 16. 4%,"Section 415A.4(a)(1). The page (p. 7) shows ""25"" struck and ""10"" inserted."
a415_onsite12_small,inclusionary,"pipeline on-site share, 10-24 units",12,% of units,,10-24,citywide,,,https://sfbos.archive.sf.gov/sites/default/files/o0201-23.pdf,"For Pipeline Projects consisting of 10 units or more, but less than 25 units, the applicable percentage shall be 12%",
a415_onsite12_large,inclusionary,"pipeline on-site share, 25+ units",12,% of units,,25+,citywide,,,https://sfbos.archive.sf.gov/sites/default/files/o0201-23.pdf,For Pipeline Proiects consisting of 25 units or more. the number of Affordable Units constructed on-site shall be 12% of all units constructed on the proiect site,
a415_offsite164,inclusionary,"pipeline off-site share, 25+ units",16.4,% of units,,25+,citywide,,,https://sfbos.archive.sf.gov/sites/default/files/o0201-23.pdf,For Pipeline Proiects consisting of 25 units or more. the applicable percentage shall be 16. 4%,
b415_window,inclusionary,"415B: approved 2023-11-01 to 2026-11-01, first construction document within 30 months",2023-11-01 to 2026-11-01,,,,citywide,,,https://sfbos.archive.sf.gov/sites/default/files/o0201-23.pdf,"Finally Approved, as defined in Planning Code Section 415A.2, between November 1, 2023 and November 1. 2026, provided that such proiects receive a First Construction Document within 30 months from Final Approval",
b415_fee205,inclusionary,"415B fee share, 25+ units",20.5,% of units,,25+,citywide,,,https://sfbos.archive.sf.gov/sites/default/files/o0201-23.pdf,"SB.1. AFFORDABLE HOUSING FEE. If a proiect sponsor elects to pay the a/fordable housing fee under Section 415. 5, the proiect shall comply the requirements set forth in Section 415. e5(b)(I ), except as follows: (a) For any housing development consisting of25 units or more, the applicable percentage shall be 20. 5%",
b415_onsite15,inclusionary,"415B on-site share, 25+ units",15,% of units,,25+,citywide,,,https://sfbos.archive.sf.gov/sites/default/files/o0201-23.pdf,"consisting of25 or more units, the number of Affordable Units constructed on-site shall be 15% of all units constructed on the proiect site",
area_specific_rates,inclusionary,"areas with their own requirement: SUDs, area plans, 415.3(d), 419 (UMU), 428",area-specific,,,,citywide,,,https://sfbos.archive.sf.gov/sites/default/files/o0201-23.pdf,"located in an area with a specific affordable housing requirement set forth in a Special Use District, Area Plan. or in any other section ofthe Code, including 415.3(d), 419, or 428",
b415_sunset,inclusionary,415B expires 2026-11-01 unless extended,2026-11-01,,,,citywide,,,https://sfbos.archive.sf.gov/sites/default/files/o0201-23.pdf,"This section 415B shall expire by operation o[law on November 1, 2026",
o201_operative,inclusionary,Section 7 (the new 415.3-415.7) operative,2026-11-21,,,,citywide,,,https://sfbos.archive.sf.gov/sites/default/files/o0201-23.pdf,"Section 7 of this ordinance, amending Planning Code Section 415.3, 415.5, 415.6, 415.7, 419.3, 428 and 428.3, shall become operative on November 21, 2026",Unless the City changes the operative date or the amendments before then.
o201_2026_fee27,inclusionary,"2026 schedule: fee share, 25+ owned",27,% of units,ownership,25+,citywide,2026-11-21,,https://sfbos.archive.sf.gov/sites/default/files/o0201-23.pdf,"For development projects consisting of 25 units or more, the applicable percentage shall be 27%J.:J-% if such units are Owned Units","The text layer garbles the struck ""33%""."
o201_2026_fee245,inclusionary,"2026 schedule: fee share, 25+ rental",24.5,% of units,rental,25+,citywide,2026-11-21,,https://sfbos.archive.sf.gov/sites/default/files/o0201-23.pdf,"applicable percentage shall be 24.5o/oJ.f)!#, if the development project is a Rental Housing Project","The page (p. 26) shows ""24.5%"" inserted and ""30%"" struck."
o201_2026_onsite15,inclusionary,"2026 schedule: on-site share, 10-24 units",15,% of units,,10-24,citywide,2026-11-21,,https://sfbos.archive.sf.gov/sites/default/files/o0201-23.pdf,"consisting of IO dwelling units or more, but less than 25 dwelling units, the number of affordable units constructed on-site shall generally be 15% of all units",
o201_2026_fee20,inclusionary,"2026 schedule: fee share, 10-24 units",20,% of units,,10-24,citywide,2026-11-21,,https://sfbos.archive.sf.gov/sites/default/files/o0201-23.pdf,"(A) For housing development projects consisting of 10 units or more, but less than 25 units, the applicable percentage shall be 20%. (B) For development projects consisting of 25 units or more, the applicable percentage shall be 27%",
o201_2026_on20o,inclusionary,"2026 schedule: on-site share, 25+ ownership",20,% of units,ownership,25+,citywide,2026-11-21,,https://sfbos.archive.sf.gov/sites/default/files/o0201-23.pdf,"(2) For any Ownership Housing Proiect consisting of25 or more units, the number of Affordable Units constructed on-site shall generally be 20% of all units",
o201_2026_on18r,inclusionary,"2026 schedule: on-site share, 25+ rental",18,% of units,rental,25+,citywide,2026-11-21,,https://sfbos.archive.sf.gov/sites/default/files/o0201-23.pdf,"Rental Housing Proiect consisting of25 or more units, the number of Affordable Units constructed on-site shall generally be I 8% of all units","OCR reads ""18%"" as ""I 8%""."
o201_2026_off27o,inclusionary,"2026 schedule: off-site share, 25+ ownership",27,% of units,ownership,25+,citywide,2026-11-21,,https://sfbos.archive.sf.gov/sites/default/files/o0201-23.pdf,"Ownership Housing Project consisting of 25 or more units, the number of Affordable Units constructed off-site shall be .JJ..%27% of all units","The text layer garbles the struck ""33%""."
o201_2026_esc,inclusionary,2026 schedule: the 25+ escalation restarts on 2028-01-01,2028-01-01,,,,citywide,,,https://sfbos.archive.sf.gov/sites/default/files/o0201-23.pdf,"Starting on January 1, ~2028, and no later than January 1 of ea","The page (p. 31) shows ""2018"" struck and ""2028"" inserted, and the 10-24 escalation struck."
fee_402d_timing,impact fees,all impact fees due at the first construction document,first construction document,,,,citywide,,,https://web.archive.org/web/20201202062907id_/https://codelibrary.amlegal.com/codes/san_francisco/latest/sf_planning/0-0-0-23425,"All impact fees are due and payable to the Development Fee Collection Unit at DBI at the time of, and in no event later than, issuance of the ""first construction document""",
fee_409_index,impact fees,annual January 1 adjustment by the Annual Infrastructure Construction Cost Inflation Estimate (not the inclusionary fee),January 1,,,,citywide,,,https://web.archive.org/web/20210507203214id_/https://codelibrary.amlegal.com/codes/san_francisco/latest/sf_planning/0-0-0-23466,shall adjust the dollar amount of any development fee on an annual basis every January 1 based solely on the Annual Infrastructure Construction Cost Inflation Estimate,
fee_rate_at_payment,impact fees,"before 2023-10-16: the rate in force when the fee is paid, whatever the filing date",payment date,,,,citywide,,,https://web.archive.org/web/20190915185307if_/https://sfplanning.org/sites/default/files/forms/Impact_Fee_Schedule.pdf,"The adjusted fee rates apply to development impact fees paid on or after the effective date of any such fee adjustments, regardless of the date of permit filing",The register's own introduction; the 2016 and 2018 registers carry the same sentence.
fee_193_approval,impact fees,"from 2023-10-16: types and rates fixed at Final Approval, no later increase (not the inclusionary fee)",final approval,,,,citywide,,,https://sfbos.archive.sf.gov/sites/default/files/o0193-23.pdf,"with the exception of the Inclusionary Housing Fee as set forth in Section 415 et seq., the assessment shall be based on the types of fees and the rates o{those fees in effect at the time of Final Approval",
fee_193_effective,impact fees,Ord. 193-23 effective,2023-10-16,,,,citywide,,,https://sfbos.org/ordinances-2023,"230764 0193-23 10/16/2023 Planning, Building Codes - Development Impact Fee Indexing, Deferral, and Waivers; Adoption of Nexus Study",
fee_tfr33,impact fees,fees assessed by 2026-11-01 cut by 33% for projects with a first construction document within 30 months of Final Approval,33,% of the fee,,,citywide,,,https://sfbos.archive.sf.gov/sites/default/files/o0201-23.pdf,"The following development fees assessed on or before November 1, 2026 shall be reduced by 33% for (I) proiects that receive a First Construction Document","Section 403; the list that follows includes 411A, 414A, 416, 418, 420-424, 432 and 433, and not 415."
fee_tfr_tsf,impact fees,the reduction covers the TSF,411A,,,,citywide,,,https://sfbos.archive.sf.gov/sites/default/files/o0201-23.pdf,The Transportation Sustainability Fee (Section 411A),
tsf_threshold,TSF,residential: more than 20 new units,21,units,,,citywide,,,https://web.archive.org/web/20201127232231id_/https://codelibrary.amlegal.com/codes/san_francisco/latest/sf_planning/0-0-0-52292,More than twenty new dwelling units,
tsf_base,TSF,"residential base rates at adoption, 21-99 / 100+ units",7.74 / 8.74,$ per gsf,,,citywide,,,https://web.archive.org/web/20201203040004id_/https://codelibrary.amlegal.com/codes/san_francisco/latest/sf_planning/0-0-0-52333,"Residential, 21-99 units $7.74 for all gsf of Residential use in the first 99 dwelling units",
tsf_created,TSF,"created by Ord. 200-15, effective 2015-12-25",2015-12-25,,,,citywide,,,https://web.archive.org/web/20201203040004id_/https://codelibrary.amlegal.com/codes/san_francisco/latest/sf_planning/0-0-0-52333,"Added by Ord. 200-15 , File No. 150790, App. 11/25/2015, Eff. 12/25/2015",
cc_threshold,child care,residential: at least one net new unit,1,units,,,citywide,,,https://web.archive.org/web/20201126131108id_/https://codelibrary.amlegal.com/codes/san_francisco/latest/sf_planning/0-0-0-52951,At least one net new dwelling unit,
cc_created,child care,"created by Ord. 2-16, effective 2016-02-18",2016-02-18,,,,citywide,,,https://web.archive.org/web/20201126131108id_/https://codelibrary.amlegal.com/codes/san_francisco/latest/sf_planning/0-0-0-52951,"Added by Ord. 2-16 , File No. 150793, App. 1/19/2016, Eff. 2/18/2016",
cc_base,child care,"base rates at adoption, 10+ / up to 9 units",1.83 / 0.91,$ per gsf,,,citywide,,,https://web.archive.org/web/20201203035249id_/https://codelibrary.amlegal.com/codes/san_francisco/latest/sf_planning/0-0-0-52953,Residential projects of 10 or more units Residential Projects of up to 9 units $1.83/gsf $0.91/gsf,
jhl_nonres,jobs-housing linkage,"applies only to projects adding 25,000+ gsf of commercial uses",non-residential,,,,citywide,,,https://web.archive.org/web/20201127230518id_/https://codelibrary.amlegal.com/codes/san_francisco/latest/sf_planning/0-0-0-23610,"that increases by 25,000 or more gross square feet the total amount of any combination of the following uses; entertainment, hotel, Integrated PDR, office, research and development, retail, and/or Small Enterprise Workspace",Section 413.3(a)(1); (b)(1) excludes any other space. A residential project owes it only on such commercial space.
area_en_start,area fees,Eastern Neighborhoods infrastructure fee in effect from,2008-12-19,,,,Eastern Neighborhoods,,,https://web.archive.org/web/20230329180816id_/https://sfdbi.org/sites/default/files/Documents/Permit_Review_Services/Citywide_Development_Fee_Register/Master_Impact_Fee_Schedule_2011_12_01_DBI_Register.pdf,(Table 423.3B). 12/19/2008,
area_mo421_start,area fees,Market and Octavia community infrastructure fee in effect from,2008-04-03,,,,Market and Octavia,,,https://web.archive.org/web/20230329180816id_/https://sfdbi.org/sites/default/files/Documents/Permit_Review_Services/Citywide_Development_Fee_Register/Master_Impact_Fee_Schedule_2011_12_01_DBI_Register.pdf,(Table 421.3B). 4/3/2008,
area_mo416_start,area fees,Market and Octavia affordable housing fee in effect from,2008-05-30,,,,Market and Octavia,,,https://web.archive.org/web/20230329180816id_/https://sfdbi.org/sites/default/files/Documents/Permit_Review_Services/Citywide_Development_Fee_Register/Master_Impact_Fee_Schedule_2011_12_01_DBI_Register.pdf,(Table 416.3A). 5/30/2008,
area_rh_start,area fees,Rincon Hill community infrastructure fee in effect from,2005-08-19,,,,Rincon Hill,,,https://web.archive.org/web/20230329180816id_/https://sfdbi.org/sites/default/files/Documents/Permit_Review_Services/Citywide_Development_Fee_Register/Master_Impact_Fee_Schedule_2011_12_01_DBI_Register.pdf,(Table 418.3B). 8/19/2005,
area_soma_start,area fees,SOMA community stabilization fee in effect from,2005-08-19,,,,Rincon Hill,,,https://web.archive.org/web/20230329180816id_/https://sfdbi.org/sites/default/files/Documents/Permit_Review_Services/Citywide_Development_Fee_Register/Master_Impact_Fee_Schedule_2011_12_01_DBI_Register.pdf,$11.65 per gross square foot. 8/19/2005,
area_vv_start,area fees,Visitacion Valley fee in effect from,2005-11-18,,,,Visitacion Valley,,,https://web.archive.org/web/20230329180816id_/https://sfdbi.org/sites/default/files/Documents/Permit_Review_Services/Citywide_Development_Fee_Register/Master_Impact_Fee_Schedule_2011_12_01_DBI_Register.pdf,$4.87 per square foot 11/18/2005,
area_bp_start,area fees,Balboa Park fee in effect from,2009-04-17,,,,Balboa Park,,,https://web.archive.org/web/20230329180816id_/https://sfdbi.org/sites/default/files/Documents/Permit_Review_Services/Citywide_Development_Fee_Register/Master_Impact_Fee_Schedule_2011_12_01_DBI_Register.pdf,(Table 422.3B). 4/17/2009,
area_tc_start,area fees,Transit Center fees in effect from,2012-09-07,,,,Transit Center,,,https://web.archive.org/web/20201126124535id_/https://codelibrary.amlegal.com/codes/san_francisco/latest/sf_planning/0-0-0-43457,"Added by Ord. 182-12 , File No. 120665, App. 8/8/2012, Eff. 9/7/2012",
area_cs_start,area fees,Central SoMa fees in effect from,2019-01-12,,,,Central SoMa,,,https://web.archive.org/web/20201203044925id_/https://codelibrary.amlegal.com/codes/san_francisco/latest/sf_planning/0-0-0-60357,"Added by Ord. 296-18 , File No. 180184, App. 12/12/2018, Eff. 1/12/2019",
sb330_freeze,state,a housing project is subject only to the standards in effect at a complete preliminary application,preliminary application,,,,citywide,,,https://leginfo.legislature.ca.gov/faces/billTextClient.xhtml?bill_id=201920200SB330,"a housing development project shall be subject only to the ordinances, policies, and standards adopted and in effect when a preliminary application including all of the information required by subdivision (a) of Section 65941.1 was submitted",
sb330_index_exception,state,exception: automatic annual fee adjustment by a cost index,cost index,,,,citywide,,,https://leginfo.legislature.ca.gov/faces/billTextClient.xhtml?bill_id=201920200SB330,an increase resulting from an automatic annual adjustment based on an independently published cost index that is referenced in the ordinance or resolution establishing the fee or other monetary exaction,
sb330_chapter,state,SB 330 chaptered,"Stats. 2019, ch. 654",,,,citywide,,,https://leginfo.legislature.ca.gov/faces/billTextClient.xhtml?bill_id=201920200SB330,Senate Bill No. 330 CHAPTER 654,
sb330_approved,state,SB 330 approved by the Governor,2019-10-09,,,,citywide,,,https://leginfo.legislature.ca.gov/faces/billTextClient.xhtml?bill_id=201920200SB330,"Approved by Governor October 09, 2019.",
gov_standards_fees,state,"""ordinances, policies, and standards"" includes development impact fees",yes,,,,citywide,,,https://leginfo.legislature.ca.gov/faces/codes_displaySection.xhtml?lawCode=GOV&sectionNum=65589.5,"including those relating to development impact fees, capacity or connection fees or charges, permit or processing fees, and other exactions",
reg2011_incl_studio,register rate,Inclusionary fee per studio (affordability gap),179952,$ / unit,,,,2011,,https://web.archive.org/web/20230329175535id_/https://sfdbi.org/sites/default/files/Documents/Permit_Review_Services/Citywide_Development_Fee_Register/Master_Impact_Fee_Schedule_2011_09_09_DBI_Register5.pdf,"Section 415 Residential Dwelling Units > or = 5 N/A Onsite or offsite BMR units or in-lieu fee Varies by unit size (Studio - $179,952,","Register: Updated as of September 9, 2011)"
reg2011_incl_1br,register rate,Inclusionary fee per one-bedroom,248210,$ / unit,,,,2011,,https://web.archive.org/web/20230329175535id_/https://sfdbi.org/sites/default/files/Documents/Permit_Review_Services/Citywide_Development_Fee_Register/Master_Impact_Fee_Schedule_2011_09_09_DBI_Register5.pdf,"Section 415 Residential Dwelling Units > or = 5 N/A Onsite or offsite BMR units or in-lieu fee Varies by unit size (Studio - $179,952, 1 Bedroom - $248,210,","Register: Updated as of September 9, 2011)"
reg2011_incl_2br,register rate,Inclusionary fee per two-bedroom,334478,$ / unit,,,,2011,,https://web.archive.org/web/20230329175535id_/https://sfdbi.org/sites/default/files/Documents/Permit_Review_Services/Citywide_Development_Fee_Register/Master_Impact_Fee_Schedule_2011_09_09_DBI_Register5.pdf,"Section 415 Residential Dwelling Units > or = 5 N/A Onsite or offsite BMR units or in-lieu fee Varies by unit size (Studio - $179,952, 1 Bedroom - $248,210, 2 Bedroom - $334,478,","Register: Updated as of September 9, 2011)"
reg2011_en_t1,register rate,"Eastern Neighborhoods, Tier 1",8.24,$ / gsf,,,,2011,,https://web.archive.org/web/20230329175535id_/https://sfdbi.org/sites/default/files/Documents/Permit_Review_Services/Citywide_Development_Fee_Register/Master_Impact_Fee_Schedule_2011_09_09_DBI_Register5.pdf,Tier 1: $8.24/square foot for Residential,"Register: Updated as of September 9, 2011)"
reg2011_en_t2,register rate,"Eastern Neighborhoods, Tier 2",12.36,$ / gsf,,,,2011,,https://web.archive.org/web/20230329175535id_/https://sfdbi.org/sites/default/files/Documents/Permit_Review_Services/Citywide_Development_Fee_Register/Master_Impact_Fee_Schedule_2011_09_09_DBI_Register5.pdf,Tier 2: $12.36/square foot for Residential,"Register: Updated as of September 9, 2011)"
reg2011_en_t3,register rate,"Eastern Neighborhoods, Tier 3",16.48,$ / gsf,,,,2011,,https://web.archive.org/web/20230329175535id_/https://sfdbi.org/sites/default/files/Documents/Permit_Review_Services/Citywide_Development_Fee_Register/Master_Impact_Fee_Schedule_2011_09_09_DBI_Register5.pdf,Tier 3: $16.48/square foot for Residential,"Register: Updated as of September 9, 2011)"
reg2011_mo_421,register rate,Market and Octavia community improvements,9.27,$ / gsf,,,,2011,,https://web.archive.org/web/20230329175535id_/https://sfdbi.org/sites/default/files/Documents/Permit_Review_Services/Citywide_Development_Fee_Register/Master_Impact_Fee_Schedule_2011_09_09_DBI_Register5.pdf,Section 421 Residential + Non- Residential Gross Square Foot Impact fee or in-kind improvement $9.27/s.f. for Residential,"Register: Updated as of September 9, 2011)"
reg2011_mo_416_nct,register rate,"Market and Octavia affordable housing fee, NCT",3.71,$ / gsf,,,,2011,,https://web.archive.org/web/20230329175535id_/https://sfdbi.org/sites/default/files/Documents/Permit_Review_Services/Citywide_Development_Fee_Register/Master_Impact_Fee_Schedule_2011_09_09_DBI_Register5.pdf,Section 416 Residential Gross Square Foot Fee only $3.71/sf for NCT,"Register: Updated as of September 9, 2011)"
reg2011_mo_416_vnm,register rate,"Market and Octavia affordable housing fee, Van Ness & Market SUD",7.42,$ / gsf,,,,2011,,https://web.archive.org/web/20230329175535id_/https://sfdbi.org/sites/default/files/Documents/Permit_Review_Services/Citywide_Development_Fee_Register/Master_Impact_Fee_Schedule_2011_09_09_DBI_Register5.pdf,Section 416 Residential Gross Square Foot Fee only $3.71/sf for NCT and $7.42 SF for Van Ness,"Register: Updated as of September 9, 2011)"
reg2011_rh_418,register rate,Rincon Hill community infrastructure,8.86,$ / gsf,,,,2011,,https://web.archive.org/web/20230329175535id_/https://sfdbi.org/sites/default/files/Documents/Permit_Review_Services/Citywide_Development_Fee_Register/Master_Impact_Fee_Schedule_2011_09_09_DBI_Register5.pdf,Section 418 Residential Gross Square Foot Impact fee or in-kind improvement $8.86 per gross square foot (Table 418.3A),"Register: Updated as of September 9, 2011)"
reg2011_soma_418,register rate,SOMA community stabilization (Rincon Hill),11.28,$ / gsf,,,,2011,,https://web.archive.org/web/20230329175535id_/https://sfdbi.org/sites/default/files/Documents/Permit_Review_Services/Citywide_Development_Fee_Register/Master_Impact_Fee_Schedule_2011_09_09_DBI_Register5.pdf,Community Stabilization Fee Rincon Hill - Residential (same Block & Lot as Rincon Hill) Planning Department and Mayor's Office of Economic Development Planning Code Section 418 Residential Gross Square Foot Impact fee or in-kind improvement $11.28 per gross square foot.,"Register: Updated as of September 9, 2011)"
reg2011_vv_420,register rate,Visitacion Valley community facilities,4.72,$ / sf,,,,2011,,https://web.archive.org/web/20230329175535id_/https://sfdbi.org/sites/default/files/Documents/Permit_Review_Services/Citywide_Development_Fee_Register/Master_Impact_Fee_Schedule_2011_09_09_DBI_Register5.pdf,Section 420 Residential Dwelling Units Net Square Foot Impact fee or in-kind improvement $4.72 per square foot,"Register: Updated as of September 9, 2011)"
reg2011_bp_422,register rate,Balboa Park community improvements,8.24,$ / gsf,,,,2011,,https://web.archive.org/web/20230329175535id_/https://sfdbi.org/sites/default/files/Documents/Permit_Review_Services/Citywide_Development_Fee_Register/Master_Impact_Fee_Schedule_2011_09_09_DBI_Register5.pdf,Section 422 Residential + Non- Residential Gross Square Foot Impact fee or in-kind improvement $8.24/sf for Residential,"Register: Updated as of September 9, 2011)"
reg2011_school,register rate,"School impact fee (SFUSD, Education Code 17620)",2.24,$ / sf,,,,2011,,https://web.archive.org/web/20230329175535id_/https://sfdbi.org/sites/default/files/Documents/Permit_Review_Services/Citywide_Development_Fee_Register/Master_Impact_Fee_Schedule_2011_09_09_DBI_Register5.pdf,In-lieu fee $2.24/$,"Register: Updated as of September 9, 2011)"
reg2012_incl_studio,register rate,Inclusionary fee per studio (affordability gap),179952,$ / unit,,,,2012,,https://web.archive.org/web/20230329180816id_/https://sfdbi.org/sites/default/files/Documents/Permit_Review_Services/Citywide_Development_Fee_Register/Master_Impact_Fee_Schedule_2011_12_01_DBI_Register.pdf,"Section 415 Residential Dwelling Units > or = 5 N/A Onsite or offsite BMR units or in-lieu fee Varies by unit size (Studio - $179,952,","Register: Updated as of December 1, 2011, rates will be effective on January 1, 2012)"
reg2012_incl_1br,register rate,Inclusionary fee per one-bedroom,248210,$ / unit,,,,2012,,https://web.archive.org/web/20230329180816id_/https://sfdbi.org/sites/default/files/Documents/Permit_Review_Services/Citywide_Development_Fee_Register/Master_Impact_Fee_Schedule_2011_12_01_DBI_Register.pdf,"Section 415 Residential Dwelling Units > or = 5 N/A Onsite or offsite BMR units or in-lieu fee Varies by unit size (Studio - $179,952, 1 Bedroom - $248,210,","Register: Updated as of December 1, 2011, rates will be effective on January 1, 2012)"
reg2012_incl_2br,register rate,Inclusionary fee per two-bedroom,334478,$ / unit,,,,2012,,https://web.archive.org/web/20230329180816id_/https://sfdbi.org/sites/default/files/Documents/Permit_Review_Services/Citywide_Development_Fee_Register/Master_Impact_Fee_Schedule_2011_12_01_DBI_Register.pdf,"Section 415 Residential Dwelling Units > or = 5 N/A Onsite or offsite BMR units or in-lieu fee Varies by unit size (Studio - $179,952, 1 Bedroom - $248,210, 2 Bedroom - $334,478,","Register: Updated as of December 1, 2011, rates will be effective on January 1, 2012)"
reg2012_en_t1,register rate,"Eastern Neighborhoods, Tier 1",8.51,$ / gsf,,,,2012,,https://web.archive.org/web/20230329180816id_/https://sfdbi.org/sites/default/files/Documents/Permit_Review_Services/Citywide_Development_Fee_Register/Master_Impact_Fee_Schedule_2011_12_01_DBI_Register.pdf,Tier 1: $8.51/square foot for Residential,"Register: Updated as of December 1, 2011, rates will be effective on January 1, 2012)"
reg2012_en_t2,register rate,"Eastern Neighborhoods, Tier 2",12.76,$ / gsf,,,,2012,,https://web.archive.org/web/20230329180816id_/https://sfdbi.org/sites/default/files/Documents/Permit_Review_Services/Citywide_Development_Fee_Register/Master_Impact_Fee_Schedule_2011_12_01_DBI_Register.pdf,Tier 2: $12.76/square foot for Residential,"Register: Updated as of December 1, 2011, rates will be effective on January 1, 2012)"
reg2012_en_t3,register rate,"Eastern Neighborhoods, Tier 3",17.02,$ / gsf,,,,2012,,https://web.archive.org/web/20230329180816id_/https://sfdbi.org/sites/default/files/Documents/Permit_Review_Services/Citywide_Development_Fee_Register/Master_Impact_Fee_Schedule_2011_12_01_DBI_Register.pdf,Tier 3: $17.02/square foot for Residential,"Register: Updated as of December 1, 2011, rates will be effective on January 1, 2012)"
reg2012_mo_421,register rate,Market and Octavia community improvements,9.57,$ / gsf,,,,2012,,https://web.archive.org/web/20230329180816id_/https://sfdbi.org/sites/default/files/Documents/Permit_Review_Services/Citywide_Development_Fee_Register/Master_Impact_Fee_Schedule_2011_12_01_DBI_Register.pdf,Section 421 Residential + Non- Residential Gross Square Foot Impact fee or in-kind improvement $9.57/s.f. for Residential,"Register: Updated as of December 1, 2011, rates will be effective on January 1, 2012)"
reg2012_mo_416_nct,register rate,"Market and Octavia affordable housing fee, NCT",3.83,$ / gsf,,,,2012,,https://web.archive.org/web/20230329180816id_/https://sfdbi.org/sites/default/files/Documents/Permit_Review_Services/Citywide_Development_Fee_Register/Master_Impact_Fee_Schedule_2011_12_01_DBI_Register.pdf,Section 416 Residential Gross Square Foot Fee only $3.83/sf for NCT,"Register: Updated as of December 1, 2011, rates will be effective on January 1, 2012)"
reg2012_mo_416_vnm,register rate,"Market and Octavia affordable housing fee, Van Ness & Market SUD",7.66,$ / gsf,,,,2012,,https://web.archive.org/web/20230329180816id_/https://sfdbi.org/sites/default/files/Documents/Permit_Review_Services/Citywide_Development_Fee_Register/Master_Impact_Fee_Schedule_2011_12_01_DBI_Register.pdf,Section 416 Residential Gross Square Foot Fee only $3.83/sf for NCT and $7.66/ sf for Van Ness,"Register: Updated as of December 1, 2011, rates will be effective on January 1, 2012)"
reg2012_rh_418,register rate,Rincon Hill community infrastructure,9.15,$ / gsf,,,,2012,,https://web.archive.org/web/20230329180816id_/https://sfdbi.org/sites/default/files/Documents/Permit_Review_Services/Citywide_Development_Fee_Register/Master_Impact_Fee_Schedule_2011_12_01_DBI_Register.pdf,Section 418 Residential Gross Square Foot Impact fee or in-kind improvement $9.15 per gross square foot (Table 418.3A),"Register: Updated as of December 1, 2011, rates will be effective on January 1, 2012)"
reg2012_soma_418,register rate,SOMA community stabilization (Rincon Hill),11.65,$ / gsf,,,,2012,,https://web.archive.org/web/20230329180816id_/https://sfdbi.org/sites/default/files/Documents/Permit_Review_Services/Citywide_Development_Fee_Register/Master_Impact_Fee_Schedule_2011_12_01_DBI_Register.pdf,Community Stabilization Fee Rincon Hill - Residential (same Block & Lot as Rincon Hill) Planning Department and Mayor's Office of Economic Development Planning Code Section 418 Residential Gross Square Foot Impact fee or in-kind improvement $11.65 per gross square foot.,"Register: Updated as of December 1, 2011, rates will be effective on January 1, 2012)"
reg2012_vv_420,register rate,Visitacion Valley community facilities,4.87,$ / sf,,,,2012,,https://web.archive.org/web/20230329180816id_/https://sfdbi.org/sites/default/files/Documents/Permit_Review_Services/Citywide_Development_Fee_Register/Master_Impact_Fee_Schedule_2011_12_01_DBI_Register.pdf,Section 420 Residential Dwelling Units Net Square Foot Impact fee or in-kind improvement $4.87 per square foot,"Register: Updated as of December 1, 2011, rates will be effective on January 1, 2012)"
reg2012_bp_422,register rate,Balboa Park community improvements,8.51,$ / gsf,,,,2012,,https://web.archive.org/web/20230329180816id_/https://sfdbi.org/sites/default/files/Documents/Permit_Review_Services/Citywide_Development_Fee_Register/Master_Impact_Fee_Schedule_2011_12_01_DBI_Register.pdf,Section 422 Residential + Non- Residential Gross Square Foot Impact fee or in-kind improvement $8.51/sf for Residential,"Register: Updated as of December 1, 2011, rates will be effective on January 1, 2012)"
reg2012_school,register rate,"School impact fee (SFUSD, Education Code 17620)",2.24,$ / sf,,,,2012,,https://web.archive.org/web/20230329180816id_/https://sfdbi.org/sites/default/files/Documents/Permit_Review_Services/Citywide_Development_Fee_Register/Master_Impact_Fee_Schedule_2011_12_01_DBI_Register.pdf,In-lieu fee $2.24/ $,"Register: Updated as of December 1, 2011, rates will be effective on January 1, 2012)"
reg2013_incl_studio,register rate,Inclusionary fee per studio (affordability gap),171558,$ / unit,,,,2013,,https://web.archive.org/web/20230329192448id_/https://sfdbi.org/sites/default/files/Documents/Permit_Review_Services/Citywide_Development_Fee_Register/Master_Impact_Fee_Schedule_2012_12_01_DBI_Register.pdf,"Section 415 Residential Dwelling Units > or = 5 N/A Affordable housing fee, on-site or off- site affordable units Varies by unit size * Studio - $171,558,","Register: Updated as of December 1, 2012, rates effective as of January 1, 2013)"
reg2013_incl_1br,register rate,Inclusionary fee per one-bedroom,236545,$ / unit,,,,2013,,https://web.archive.org/web/20230329192448id_/https://sfdbi.org/sites/default/files/Documents/Permit_Review_Services/Citywide_Development_Fee_Register/Master_Impact_Fee_Schedule_2012_12_01_DBI_Register.pdf,"Section 415 Residential Dwelling Units > or = 5 N/A Affordable housing fee, on-site or off- site affordable units Varies by unit size * Studio - $171,558, * 1 Bedroom - $236,545,","Register: Updated as of December 1, 2012, rates effective as of January 1, 2013)"
reg2013_incl_2br,register rate,Inclusionary fee per two-bedroom,326086,$ / unit,,,,2013,,https://web.archive.org/web/20230329192448id_/https://sfdbi.org/sites/default/files/Documents/Permit_Review_Services/Citywide_Development_Fee_Register/Master_Impact_Fee_Schedule_2012_12_01_DBI_Register.pdf,"Section 415 Residential Dwelling Units > or = 5 N/A Affordable housing fee, on-site or off- site affordable units Varies by unit size * Studio - $171,558, * 1 Bedroom - $236,545, * 2 Bedroom - $326,086,","Register: Updated as of December 1, 2012, rates effective as of January 1, 2013)"
reg2013_en_t1,register rate,"Eastern Neighborhoods, Tier 1",8.85,$ / gsf,,,,2013,,https://web.archive.org/web/20230329192448id_/https://sfdbi.org/sites/default/files/Documents/Permit_Review_Services/Citywide_Development_Fee_Register/Master_Impact_Fee_Schedule_2012_12_01_DBI_Register.pdf,Tier 1: $8.85/square foot for Residential,"Register: Updated as of December 1, 2012, rates effective as of January 1, 2013)"
reg2013_en_t2,register rate,"Eastern Neighborhoods, Tier 2",13.27,$ / gsf,,,,2013,,https://web.archive.org/web/20230329192448id_/https://sfdbi.org/sites/default/files/Documents/Permit_Review_Services/Citywide_Development_Fee_Register/Master_Impact_Fee_Schedule_2012_12_01_DBI_Register.pdf,Tier 2: $13.27/square foot for Residential,"Register: Updated as of December 1, 2012, rates effective as of January 1, 2013)"
reg2013_en_t3,register rate,"Eastern Neighborhoods, Tier 3",17.7,$ / gsf,,,,2013,,https://web.archive.org/web/20230329192448id_/https://sfdbi.org/sites/default/files/Documents/Permit_Review_Services/Citywide_Development_Fee_Register/Master_Impact_Fee_Schedule_2012_12_01_DBI_Register.pdf,Tier 3: $17.70/square foot for Residential,"Register: Updated as of December 1, 2012, rates effective as of January 1, 2013)"
reg2013_mo_421,register rate,Market and Octavia community improvements,9.95,$ / gsf,,,,2013,,https://web.archive.org/web/20230329192448id_/https://sfdbi.org/sites/default/files/Documents/Permit_Review_Services/Citywide_Development_Fee_Register/Master_Impact_Fee_Schedule_2012_12_01_DBI_Register.pdf,Section 421 Residential + Non- Residential Gross Square Foot Impact fee or in-kind improvement * $9.95/s.f. for Residential,"Register: Updated as of December 1, 2012, rates effective as of January 1, 2013)"
reg2013_mo_416_nct,register rate,"Market and Octavia affordable housing fee, NCT",3.98,$ / gsf,,,,2013,,https://web.archive.org/web/20230329192448id_/https://sfdbi.org/sites/default/files/Documents/Permit_Review_Services/Citywide_Development_Fee_Register/Master_Impact_Fee_Schedule_2012_12_01_DBI_Register.pdf,Section 416 Residential Gross Square Foot Fee only $3.98/sf for NCT,"Register: Updated as of December 1, 2012, rates effective as of January 1, 2013)"
reg2013_mo_416_vnm,register rate,"Market and Octavia affordable housing fee, Van Ness & Market SUD",7.96,$ / gsf,,,,2013,,https://web.archive.org/web/20230329192448id_/https://sfdbi.org/sites/default/files/Documents/Permit_Review_Services/Citywide_Development_Fee_Register/Master_Impact_Fee_Schedule_2012_12_01_DBI_Register.pdf,Section 416 Residential Gross Square Foot Fee only $3.98/sf for NCT and $7.96/ sf for Van Ness,"Register: Updated as of December 1, 2012, rates effective as of January 1, 2013)"
reg2013_rh_418,register rate,Rincon Hill community infrastructure,9.51,$ / gsf,,,,2013,,https://web.archive.org/web/20230329192448id_/https://sfdbi.org/sites/default/files/Documents/Permit_Review_Services/Citywide_Development_Fee_Register/Master_Impact_Fee_Schedule_2012_12_01_DBI_Register.pdf,Section 418 Residential Gross Square Foot Impact fee or in-kind improvement $9.51 per gross square foot (Table 418.3A),"Register: Updated as of December 1, 2012, rates effective as of January 1, 2013)"
reg2013_soma_418,register rate,SOMA community stabilization (Rincon Hill),12.11,$ / gsf,,,,2013,,https://web.archive.org/web/20230329192448id_/https://sfdbi.org/sites/default/files/Documents/Permit_Review_Services/Citywide_Development_Fee_Register/Master_Impact_Fee_Schedule_2012_12_01_DBI_Register.pdf,Community Stabilization Fee Rincon Hill - Residential (same Block & Lot as Rincon Hill) Planning Department and Mayor's Office of Economic Development Planning Code Section 418.3(d) Residential Gross Square Foot Impact fee or in-kind improvement $12.11 per gross square foot.,"Register: Updated as of December 1, 2012, rates effective as of January 1, 2013)"
reg2013_vv_420,register rate,Visitacion Valley community facilities,5.07,$ / sf,,,,2013,,https://web.archive.org/web/20230329192448id_/https://sfdbi.org/sites/default/files/Documents/Permit_Review_Services/Citywide_Development_Fee_Register/Master_Impact_Fee_Schedule_2012_12_01_DBI_Register.pdf,Section 420 Residential Net Square Foot Impact fee or in-kind improvement * $5.07 per square foot,"Register: Updated as of December 1, 2012, rates effective as of January 1, 2013)"
reg2013_bp_422,register rate,Balboa Park community improvements,8.85,$ / gsf,,,,2013,,https://web.archive.org/web/20230329192448id_/https://sfdbi.org/sites/default/files/Documents/Permit_Review_Services/Citywide_Development_Fee_Register/Master_Impact_Fee_Schedule_2012_12_01_DBI_Register.pdf,Section 422 Residential + Non- Residential Gross Square Foot Impact fee or in-kind improvement * $8.85/sf for Residential,"Register: Updated as of December 1, 2012, rates effective as of January 1, 2013)"
reg2013_school,register rate,"School impact fee (SFUSD, Education Code 17620)",2.24,$ / sf,,,,2013,,https://web.archive.org/web/20230329192448id_/https://sfdbi.org/sites/default/files/Documents/Permit_Review_Services/Citywide_Development_Fee_Register/Master_Impact_Fee_Schedule_2012_12_01_DBI_Register.pdf,In-lieu fee $2.24/ $,"Register: Updated as of December 1, 2012, rates effective as of January 1, 2013)"
reg2014_incl_studio,register rate,Inclusionary fee per studio (affordability gap),191349,$ / unit,,,,2014,,https://web.archive.org/web/20230329204010id_/https://sfdbi.org/sites/default/files/Documents/Permit_Review_Services/Citywide_Development_Fee_Register/Master_Impact_Fee_Schedule_2014_11_26_DBI_Register.pdf,"Section 415 Residential Dwelling Units > or = 10 N/A Affordable housing fee, on- site or off-site affordable units Varies by unit size * Studio - $191,349","Register: Updated as of December 1, 2013, rates effective as of January 1, 2014)"
reg2014_incl_1br,register rate,Inclusionary fee per one-bedroom,261271,$ / unit,,,,2014,,https://web.archive.org/web/20230329204010id_/https://sfdbi.org/sites/default/files/Documents/Permit_Review_Services/Citywide_Development_Fee_Register/Master_Impact_Fee_Schedule_2014_11_26_DBI_Register.pdf,"Section 415 Residential Dwelling Units > or = 10 N/A Affordable housing fee, on- site or off-site affordable units Varies by unit size * Studio - $191,349 * 1 Bedroom - $261,271","Register: Updated as of December 1, 2013, rates effective as of January 1, 2014)"
reg2014_incl_2br,register rate,Inclusionary fee per two-bedroom,357034,$ / unit,,,,2014,,https://web.archive.org/web/20230329204010id_/https://sfdbi.org/sites/default/files/Documents/Permit_Review_Services/Citywide_Development_Fee_Register/Master_Impact_Fee_Schedule_2014_11_26_DBI_Register.pdf,"Section 415 Residential Dwelling Units > or = 10 N/A Affordable housing fee, on- site or off-site affordable units Varies by unit size * Studio - $191,349 * 1 Bedroom - $261,271 * 2 Bedroom - $357,034","Register: Updated as of December 1, 2013, rates effective as of January 1, 2014)"
reg2014_en_t1,register rate,"Eastern Neighborhoods, Tier 1",9.25,$ / gsf,,,,2014,,https://web.archive.org/web/20230329204010id_/https://sfdbi.org/sites/default/files/Documents/Permit_Review_Services/Citywide_Development_Fee_Register/Master_Impact_Fee_Schedule_2014_11_26_DBI_Register.pdf,Tier 1: $9.25/square foot for Residential,"Register: Updated as of December 1, 2013, rates effective as of January 1, 2014)"
reg2014_en_t2,register rate,"Eastern Neighborhoods, Tier 2",13.87,$ / gsf,,,,2014,,https://web.archive.org/web/20230329204010id_/https://sfdbi.org/sites/default/files/Documents/Permit_Review_Services/Citywide_Development_Fee_Register/Master_Impact_Fee_Schedule_2014_11_26_DBI_Register.pdf,Tier 2: $13.87/square foot for Residential,"Register: Updated as of December 1, 2013, rates effective as of January 1, 2014)"
reg2014_en_t3,register rate,"Eastern Neighborhoods, Tier 3",18.49,$ / gsf,,,,2014,,https://web.archive.org/web/20230329204010id_/https://sfdbi.org/sites/default/files/Documents/Permit_Review_Services/Citywide_Development_Fee_Register/Master_Impact_Fee_Schedule_2014_11_26_DBI_Register.pdf,Tier 3: $18.49/square foot for Residential,"Register: Updated as of December 1, 2013, rates effective as of January 1, 2014)"
reg2014_mo_421,register rate,Market and Octavia community improvements,10.4,$ / gsf,,,,2014,,https://web.archive.org/web/20230329204010id_/https://sfdbi.org/sites/default/files/Documents/Permit_Review_Services/Citywide_Development_Fee_Register/Master_Impact_Fee_Schedule_2014_11_26_DBI_Register.pdf,Section 421 Residential + Non-Residential Gross Square Foot Impact fee or in- kind improvement * $10.40/s.f. for Residential,"Register: Updated as of December 1, 2013, rates effective as of January 1, 2014)"
reg2014_mo_416_nct,register rate,"Market and Octavia affordable housing fee, NCT",4.16,$ / gsf,,,,2014,,https://web.archive.org/web/20230329204010id_/https://sfdbi.org/sites/default/files/Documents/Permit_Review_Services/Citywide_Development_Fee_Register/Master_Impact_Fee_Schedule_2014_11_26_DBI_Register.pdf,Section 416 Residential Gross Square Foot Fee only $4.16/sf for NCT,"Register: Updated as of December 1, 2013, rates effective as of January 1, 2014)"
reg2014_mo_416_vnm,register rate,"Market and Octavia affordable housing fee, Van Ness & Market SUD",8.32,$ / gsf,,,,2014,,https://web.archive.org/web/20230329204010id_/https://sfdbi.org/sites/default/files/Documents/Permit_Review_Services/Citywide_Development_Fee_Register/Master_Impact_Fee_Schedule_2014_11_26_DBI_Register.pdf,Section 416 Residential Gross Square Foot Fee only $4.16/sf for NCT and $8.32/ sf for Van Ness,"Register: Updated as of December 1, 2013, rates effective as of January 1, 2014)"
reg2014_rh_418,register rate,Rincon Hill community infrastructure,9.94,$ / gsf,,,,2014,,https://web.archive.org/web/20230329204010id_/https://sfdbi.org/sites/default/files/Documents/Permit_Review_Services/Citywide_Development_Fee_Register/Master_Impact_Fee_Schedule_2014_11_26_DBI_Register.pdf,Section 418 Residential Gross Square Foot Impact fee or in- kind improvement $9.94 per gross square foot (Table 418.3A),"Register: Updated as of December 1, 2013, rates effective as of January 1, 2014)"
reg2014_soma_418,register rate,SOMA community stabilization (Rincon Hill),12.66,$ / gsf,,,,2014,,https://web.archive.org/web/20230329204010id_/https://sfdbi.org/sites/default/files/Documents/Permit_Review_Services/Citywide_Development_Fee_Register/Master_Impact_Fee_Schedule_2014_11_26_DBI_Register.pdf,Community Stabilization Fee Rincon Hill - Residential (same Block & Lot as Rincon Hill) Planning Department and Mayor's Office of Economic Development Planning Code Section 418.3(d) Residential Gross Square Foot Impact fee or in- kind improvement $12.66 per gross square foot.,"Register: Updated as of December 1, 2013, rates effective as of January 1, 2014)"
reg2014_vv_420,register rate,Visitacion Valley community facilities,5.29,$ / sf,,,,2014,,https://web.archive.org/web/20230329204010id_/https://sfdbi.org/sites/default/files/Documents/Permit_Review_Services/Citywide_Development_Fee_Register/Master_Impact_Fee_Schedule_2014_11_26_DBI_Register.pdf,Section 420 Residential Net Square Foot Impact fee or in- kind improvement * $5.29 per square foot,"Register: Updated as of December 1, 2013, rates effective as of January 1, 2014)"
reg2014_bp_422,register rate,Balboa Park community improvements,9.25,$ / gsf,,,,2014,,https://web.archive.org/web/20230329204010id_/https://sfdbi.org/sites/default/files/Documents/Permit_Review_Services/Citywide_Development_Fee_Register/Master_Impact_Fee_Schedule_2014_11_26_DBI_Register.pdf,Section 422 Residential + Non-Residential Gross Square Foot Impact fee or in- kind improvement * $9.25/sf for Residential,"Register: Updated as of December 1, 2013, rates effective as of January 1, 2014)"
reg2014_tc_4246,register rate,Transit Center open space (base),2.61,$ / gsf,,,,2014,,https://web.archive.org/web/20230329204010id_/https://sfdbi.org/sites/default/files/Documents/Permit_Review_Services/Citywide_Development_Fee_Register/Master_Impact_Fee_Schedule_2014_11_26_DBI_Register.pdf,Section 424.6 All Gross Square Foot Impact fee or in- kind improvement * Residential: $2.61 base fee,"Register: Updated as of December 1, 2013, rates effective as of January 1, 2014)"
reg2014_tc_4247,register rate,Transit Center transportation and street (base),4.12,$ / gsf,,,,2014,,https://web.archive.org/web/20230329204010id_/https://sfdbi.org/sites/default/files/Documents/Permit_Review_Services/Citywide_Development_Fee_Register/Master_Impact_Fee_Schedule_2014_11_26_DBI_Register.pdf,"Section 424.7 All Gross Square Foot Impact fee or in- kind improvement * Residential: $0.06 Transit Delay Mitigation Fee (TDMF), PLUS $4.12 base fee","Register: Updated as of December 1, 2013, rates effective as of January 1, 2014)"
reg2014_school,register rate,"School impact fee (SFUSD, Education Code 17620)",2.91,$ / sf,,,,2014,,https://web.archive.org/web/20230329204010id_/https://sfdbi.org/sites/default/files/Documents/Permit_Review_Services/Citywide_Development_Fee_Register/Master_Impact_Fee_Schedule_2014_11_26_DBI_Register.pdf,Residential per square foot = $2.910,"Register: Updated as of December 1, 2013, rates effective as of January 1, 2014)"
reg2015_incl_studio,register rate,Inclusionary fee per studio (affordability gap),199698,$ / unit,,,,2015,,https://web.archive.org/web/20141206001035id_/http://sfdbi.org/sites/sfdbi.org/files/Master%20Impact%20Fee%20Schedule%202015%20DBI%20Register%20FINAL.pdf,"Section 415 Planning Code Section 419 Residential Dwelling Units > or = 10 Varies by unit size * Studio - $199,698","Register: Updated as of December 1, 2014, rates effective as of January 1, 2015)"
reg2015_incl_1br,register rate,Inclusionary fee per one-bedroom,270441,$ / unit,,,,2015,,https://web.archive.org/web/20141206001035id_/http://sfdbi.org/sites/sfdbi.org/files/Master%20Impact%20Fee%20Schedule%202015%20DBI%20Register%20FINAL.pdf,"Section 415 Planning Code Section 419 Residential Dwelling Units > or = 10 Varies by unit size * Studio - $199,698 * 1 Bedroom - $270,441","Register: Updated as of December 1, 2014, rates effective as of January 1, 2015)"
reg2015_incl_2br,register rate,Inclusionary fee per two-bedroom,367711,$ / unit,,,,2015,,https://web.archive.org/web/20141206001035id_/http://sfdbi.org/sites/sfdbi.org/files/Master%20Impact%20Fee%20Schedule%202015%20DBI%20Register%20FINAL.pdf,"Section 415 Planning Code Section 419 Residential Dwelling Units > or = 10 Varies by unit size * Studio - $199,698 * 1 Bedroom - $270,441 * 2 Bedroom - $367,711","Register: Updated as of December 1, 2014, rates effective as of January 1, 2015)"
reg2015_en_t1,register rate,"Eastern Neighborhoods, Tier 1",9.71,$ / gsf,,,,2015,,https://web.archive.org/web/20141206001035id_/http://sfdbi.org/sites/sfdbi.org/files/Master%20Impact%20Fee%20Schedule%202015%20DBI%20Register%20FINAL.pdf,Tier 1: $9.71/square foot for Residential,"Register: Updated as of December 1, 2014, rates effective as of January 1, 2015)"
reg2015_en_t2,register rate,"Eastern Neighborhoods, Tier 2",14.56,$ / gsf,,,,2015,,https://web.archive.org/web/20141206001035id_/http://sfdbi.org/sites/sfdbi.org/files/Master%20Impact%20Fee%20Schedule%202015%20DBI%20Register%20FINAL.pdf,Tier 2: $14.56/square foot for Residential,"Register: Updated as of December 1, 2014, rates effective as of January 1, 2015)"
reg2015_en_t3,register rate,"Eastern Neighborhoods, Tier 3",19.42,$ / gsf,,,,2015,,https://web.archive.org/web/20141206001035id_/http://sfdbi.org/sites/sfdbi.org/files/Master%20Impact%20Fee%20Schedule%202015%20DBI%20Register%20FINAL.pdf,Tier 3: $19.42/square foot for Residential,"Register: Updated as of December 1, 2014, rates effective as of January 1, 2015)"
reg2015_mo_421,register rate,Market and Octavia community improvements,10.92,$ / gsf,,,,2015,,https://web.archive.org/web/20141206001035id_/http://sfdbi.org/sites/sfdbi.org/files/Master%20Impact%20Fee%20Schedule%202015%20DBI%20Register%20FINAL.pdf,Section 421 Residential + Non- Residential * $10.92/s.f. for Residential,"Register: Updated as of December 1, 2014, rates effective as of January 1, 2015)"
reg2015_mo_416_nct,register rate,"Market and Octavia affordable housing fee, NCT",4.37,$ / gsf,,,,2015,,https://web.archive.org/web/20141206001035id_/http://sfdbi.org/sites/sfdbi.org/files/Master%20Impact%20Fee%20Schedule%202015%20DBI%20Register%20FINAL.pdf,Section 416 Residential $4.37/sf for NCT,"Register: Updated as of December 1, 2014, rates effective as of January 1, 2015)"
reg2015_mo_416_vnm,register rate,"Market and Octavia affordable housing fee, Van Ness & Market SUD",8.74,$ / gsf,,,,2015,,https://web.archive.org/web/20141206001035id_/http://sfdbi.org/sites/sfdbi.org/files/Master%20Impact%20Fee%20Schedule%202015%20DBI%20Register%20FINAL.pdf,Section 416 Residential $4.37/sf for NCT and $8.74/ sf for Van Ness,"Register: Updated as of December 1, 2014, rates effective as of January 1, 2015)"
reg2015_rh_418,register rate,Rincon Hill community infrastructure,10.44,$ / gsf,,,,2015,,https://web.archive.org/web/20141206001035id_/http://sfdbi.org/sites/sfdbi.org/files/Master%20Impact%20Fee%20Schedule%202015%20DBI%20Register%20FINAL.pdf,Section 418 Residential $10.44 per gross square foot (Table 418.3A),"Register: Updated as of December 1, 2014, rates effective as of January 1, 2015)"
reg2015_soma_418,register rate,SOMA community stabilization (Rincon Hill),13.29,$ / gsf,,,,2015,,https://web.archive.org/web/20141206001035id_/http://sfdbi.org/sites/sfdbi.org/files/Master%20Impact%20Fee%20Schedule%202015%20DBI%20Register%20FINAL.pdf,Community Stabilization Fee Rincon Hill Planning Code Section 418.3(d) Residential $13.29 per gross square foot.,"Register: Updated as of December 1, 2014, rates effective as of January 1, 2015)"
reg2015_vv_420,register rate,Visitacion Valley community facilities,5.56,$ / sf,,,,2015,,https://web.archive.org/web/20141206001035id_/http://sfdbi.org/sites/sfdbi.org/files/Master%20Impact%20Fee%20Schedule%202015%20DBI%20Register%20FINAL.pdf,Section 420 Residential * $5.56 per square foot,"Register: Updated as of December 1, 2014, rates effective as of January 1, 2015)"
reg2015_bp_422,register rate,Balboa Park community improvements,9.71,$ / gsf,,,,2015,,https://web.archive.org/web/20141206001035id_/http://sfdbi.org/sites/sfdbi.org/files/Master%20Impact%20Fee%20Schedule%202015%20DBI%20Register%20FINAL.pdf,Section 422 Residential + Non- Residential * $9.71/sf for Residential,"Register: Updated as of December 1, 2014, rates effective as of January 1, 2015)"
reg2015_tc_4246,register rate,Transit Center open space (base),2.74,$ / gsf,,,,2015,,https://web.archive.org/web/20141206001035id_/http://sfdbi.org/sites/sfdbi.org/files/Master%20Impact%20Fee%20Schedule%202015%20DBI%20Register%20FINAL.pdf,Section 424.6 All * Residential: $2.74 base fee,"Register: Updated as of December 1, 2014, rates effective as of January 1, 2015)"
reg2015_tc_4247,register rate,Transit Center transportation and street (base),4.32,$ / gsf,,,,2015,,https://web.archive.org/web/20141206001035id_/http://sfdbi.org/sites/sfdbi.org/files/Master%20Impact%20Fee%20Schedule%202015%20DBI%20Register%20FINAL.pdf,"Section 424.7 All * Residential: $0.07 Transit Delay Mitigation Fee (TDMF), PLUS $4.32 base fee","Register: Updated as of December 1, 2014, rates effective as of January 1, 2015)"
reg2015_school,register rate,"School impact fee (SFUSD, Education Code 17620)",2.91,$ / sf,,,,2015,,https://web.archive.org/web/20141206001035id_/http://sfdbi.org/sites/sfdbi.org/files/Master%20Impact%20Fee%20Schedule%202015%20DBI%20Register%20FINAL.pdf,Residential per square foot = $2.910,"Register: Updated as of December 1, 2014, rates effective as of January 1, 2015)"
reg2016_incl_studio,register rate,Inclusionary fee per studio (affordability gap),198008,$ / unit,,,,2016,,https://web.archive.org/web/20160405222214id_/http://sf-planning.org/sites/default/files/Master_Impact_Fee_Schedule_2016_DBI_Register_FINAL_02-22-16_Posting.pdf,"Section 415 Planning Code Section 419 Residential Dwelling Units > or = 10 Varies by unit size * Studio - $198,008","Register: Updated as of December 1, 2015, rates effective as of January 1, 2016)"
reg2016_incl_1br,register rate,Inclusionary fee per one-bedroom,268960,$ / unit,,,,2016,,https://web.archive.org/web/20160405222214id_/http://sf-planning.org/sites/default/files/Master_Impact_Fee_Schedule_2016_DBI_Register_FINAL_02-22-16_Posting.pdf,"Section 415 Planning Code Section 419 Residential Dwelling Units > or = 10 Varies by unit size * Studio - $198,008 * 1 Bedroom - $268,960","Register: Updated as of December 1, 2015, rates effective as of January 1, 2016)"
reg2016_incl_2br,register rate,Inclusionary fee per two-bedroom,366369,$ / unit,,,,2016,,https://web.archive.org/web/20160405222214id_/http://sf-planning.org/sites/default/files/Master_Impact_Fee_Schedule_2016_DBI_Register_FINAL_02-22-16_Posting.pdf,"Section 415 Planning Code Section 419 Residential Dwelling Units > or = 10 Varies by unit size * Studio - $198,008 * 1 Bedroom - $268,960 * 2 Bedroom - $366,369","Register: Updated as of December 1, 2015, rates effective as of January 1, 2016)"
reg2016_tsf_21_99,register rate,"Transportation Sustainability Fee, 21--99 units",7.74,$ / gsf,,,,2016,,https://web.archive.org/web/20160405222214id_/http://sf-planning.org/sites/default/files/Master_Impact_Fee_Schedule_2016_DBI_Register_FINAL_02-22-16_Posting.pdf,21-99 Units: $7.74 per gross sq. ft.,"Register: Updated as of December 1, 2015, rates effective as of January 1, 2016)"
reg2016_tsf_100,register rate,"Transportation Sustainability Fee, 100+ units",8.74,$ / gsf,,,,2016,,https://web.archive.org/web/20160405222214id_/http://sf-planning.org/sites/default/files/Master_Impact_Fee_Schedule_2016_DBI_Register_FINAL_02-22-16_Posting.pdf,>99 Units: $8.74 per gross sq. ft.,"Register: Updated as of December 1, 2015, rates effective as of January 1, 2016)"
reg2016_cc_1_9,register rate,"Child care fee, residential, 1--9 units",0.91,$ / gsf,,,,2016,,https://web.archive.org/web/20160405222214id_/http://sf-planning.org/sites/default/files/Master_Impact_Fee_Schedule_2016_DBI_Register_FINAL_02-22-16_Posting.pdf,1-9 Units: $0.91 per square foot,"Register: Updated as of December 1, 2015, rates effective as of January 1, 2016)"
reg2016_cc_10,register rate,"Child care fee, residential, 10+ units",1.83,$ / gsf,,,,2016,,https://web.archive.org/web/20160405222214id_/http://sf-planning.org/sites/default/files/Master_Impact_Fee_Schedule_2016_DBI_Register_FINAL_02-22-16_Posting.pdf,10 Units and Above: $1.83 per square foot,"Register: Updated as of December 1, 2015, rates effective as of January 1, 2016)"
reg2016_en_t1,register rate,"Eastern Neighborhoods, Tier 1",10.19,$ / gsf,,,,2016,,https://web.archive.org/web/20160405222214id_/http://sf-planning.org/sites/default/files/Master_Impact_Fee_Schedule_2016_DBI_Register_FINAL_02-22-16_Posting.pdf,Tier 1: $10.19/square foot for Residential,"Register: Updated as of December 1, 2015, rates effective as of January 1, 2016)"
reg2016_en_t2,register rate,"Eastern Neighborhoods, Tier 2",15.29,$ / gsf,,,,2016,,https://web.archive.org/web/20160405222214id_/http://sf-planning.org/sites/default/files/Master_Impact_Fee_Schedule_2016_DBI_Register_FINAL_02-22-16_Posting.pdf,Tier 2: $15.29/square foot for Residential,"Register: Updated as of December 1, 2015, rates effective as of January 1, 2016)"
reg2016_en_t3,register rate,"Eastern Neighborhoods, Tier 3",20.39,$ / gsf,,,,2016,,https://web.archive.org/web/20160405222214id_/http://sf-planning.org/sites/default/files/Master_Impact_Fee_Schedule_2016_DBI_Register_FINAL_02-22-16_Posting.pdf,Tier 3: $20.39/square foot for Residential,"Register: Updated as of December 1, 2015, rates effective as of January 1, 2016)"
reg2016_mo_421,register rate,Market and Octavia community improvements,11.47,$ / gsf,,,,2016,,https://web.archive.org/web/20160405222214id_/http://sf-planning.org/sites/default/files/Master_Impact_Fee_Schedule_2016_DBI_Register_FINAL_02-22-16_Posting.pdf,Section 421 Residential + Non- Residential * $11.47/s.f. for Residential,"Register: Updated as of December 1, 2015, rates effective as of January 1, 2016)"
reg2016_mo_416_nct,register rate,"Market and Octavia affordable housing fee, NCT",4.59,$ / gsf,,,,2016,,https://web.archive.org/web/20160405222214id_/http://sf-planning.org/sites/default/files/Master_Impact_Fee_Schedule_2016_DBI_Register_FINAL_02-22-16_Posting.pdf,Section 416 Residential $4.59/sf for NCT,"Register: Updated as of December 1, 2015, rates effective as of January 1, 2016)"
reg2016_mo_416_vnm,register rate,"Market and Octavia affordable housing fee, Van Ness & Market SUD",9.17,$ / gsf,,,,2016,,https://web.archive.org/web/20160405222214id_/http://sf-planning.org/sites/default/files/Master_Impact_Fee_Schedule_2016_DBI_Register_FINAL_02-22-16_Posting.pdf,Section 416 Residential $4.59/sf for NCT and $9.17/ sf for Van Ness,"Register: Updated as of December 1, 2015, rates effective as of January 1, 2016)"
reg2016_rh_418,register rate,Rincon Hill community infrastructure,10.96,$ / gsf,,,,2016,,https://web.archive.org/web/20160405222214id_/http://sf-planning.org/sites/default/files/Master_Impact_Fee_Schedule_2016_DBI_Register_FINAL_02-22-16_Posting.pdf,Section 418 Residential $10.96 per gross square foot (Table 418.3A),"Register: Updated as of December 1, 2015, rates effective as of January 1, 2016)"
reg2016_soma_418,register rate,SOMA community stabilization (Rincon Hill),13.95,$ / gsf,,,,2016,,https://web.archive.org/web/20160405222214id_/http://sf-planning.org/sites/default/files/Master_Impact_Fee_Schedule_2016_DBI_Register_FINAL_02-22-16_Posting.pdf,Community Stabilization Fee Rincon Hill Planning Code Section 418.3(d) Residential $13.95 per gross square foot.,"Register: Updated as of December 1, 2015, rates effective as of January 1, 2016)"
reg2016_vv_420,register rate,Visitacion Valley community facilities,5.84,$ / sf,,,,2016,,https://web.archive.org/web/20160405222214id_/http://sf-planning.org/sites/default/files/Master_Impact_Fee_Schedule_2016_DBI_Register_FINAL_02-22-16_Posting.pdf,Section 420 Residential * $5.84 per square foot,"Register: Updated as of December 1, 2015, rates effective as of January 1, 2016)"
reg2016_bp_422,register rate,Balboa Park community improvements,10.19,$ / gsf,,,,2016,,https://web.archive.org/web/20160405222214id_/http://sf-planning.org/sites/default/files/Master_Impact_Fee_Schedule_2016_DBI_Register_FINAL_02-22-16_Posting.pdf,Section 422 Residential + Non- Residential * $10.19/sf for Residential,"Register: Updated as of December 1, 2015, rates effective as of January 1, 2016)"
reg2016_tc_4246,register rate,Transit Center open space (base),2.88,$ / gsf,,,,2016,,https://web.archive.org/web/20160405222214id_/http://sf-planning.org/sites/default/files/Master_Impact_Fee_Schedule_2016_DBI_Register_FINAL_02-22-16_Posting.pdf,Section 424.6 All * Residential: $2.88 base fee,"Register: Updated as of December 1, 2015, rates effective as of January 1, 2016)"
reg2016_tc_4247,register rate,Transit Center transportation and street (base),4.54,$ / gsf,,,,2016,,https://web.archive.org/web/20160405222214id_/http://sf-planning.org/sites/default/files/Master_Impact_Fee_Schedule_2016_DBI_Register_FINAL_02-22-16_Posting.pdf,"Section 424.7 All Includes only columns B, C and D of table 424.7A: * Residential: $4.54 base fee","Register: Updated as of December 1, 2015, rates effective as of January 1, 2016)"
reg2016_school,register rate,"School impact fee (SFUSD, Education Code 17620)",3.36,$ / sf,,,,2016,,https://web.archive.org/web/20160405222214id_/http://sf-planning.org/sites/default/files/Master_Impact_Fee_Schedule_2016_DBI_Register_FINAL_02-22-16_Posting.pdf,Residential per square foot = $3.360,"Register: Updated as of December 1, 2015, rates effective as of January 1, 2016)"
reg2018_incl_studio,register rate,Inclusionary fee per studio (affordability gap),198008,$ / unit,,,,2018,,https://web.archive.org/web/20180802060552id_/https://sfdbi.org/sites/default/files/Impact_Fee_Schedule_2018_notification.pdf,"Section 415 Planning Code Section 419 Residential Dwelling Units > or = 10 Varies by unit size * Studio - $198,008","Register: Updated as of December 1, 2017, rates effective as of January 1, 2018)"
reg2018_incl_1br,register rate,Inclusionary fee per one-bedroom,268960,$ / unit,,,,2018,,https://web.archive.org/web/20180802060552id_/https://sfdbi.org/sites/default/files/Impact_Fee_Schedule_2018_notification.pdf,"Section 415 Planning Code Section 419 Residential Dwelling Units > or = 10 Varies by unit size * Studio - $198,008 * 1 Bedroom - $268,960","Register: Updated as of December 1, 2017, rates effective as of January 1, 2018)"
reg2018_incl_2br,register rate,Inclusionary fee per two-bedroom,366369,$ / unit,,,,2018,,https://web.archive.org/web/20180802060552id_/https://sfdbi.org/sites/default/files/Impact_Fee_Schedule_2018_notification.pdf,"Section 415 Planning Code Section 419 Residential Dwelling Units > or = 10 Varies by unit size * Studio - $198,008 * 1 Bedroom - $268,960 * 2 Bedroom - $366,369","Register: Updated as of December 1, 2017, rates effective as of January 1, 2018)"
reg2018_tsf_21_99,register rate,"Transportation Sustainability Fee, 21--99 units",8.6,$ / gsf,,,,2018,,https://web.archive.org/web/20180802060552id_/https://sfdbi.org/sites/default/files/Impact_Fee_Schedule_2018_notification.pdf,21-99 Units: $8.60 per gross sq. ft.,"Register: Updated as of December 1, 2017, rates effective as of January 1, 2018)"
reg2018_tsf_100,register rate,"Transportation Sustainability Fee, 100+ units",9.71,$ / gsf,,,,2018,,https://web.archive.org/web/20180802060552id_/https://sfdbi.org/sites/default/files/Impact_Fee_Schedule_2018_notification.pdf,>99 Units: $9.71 per gross sq. ft.,"Register: Updated as of December 1, 2017, rates effective as of January 1, 2018)"
reg2018_cc_1_9,register rate,"Child care fee, residential, 1--9 units",1.02,$ / gsf,,,,2018,,https://web.archive.org/web/20180802060552id_/https://sfdbi.org/sites/default/files/Impact_Fee_Schedule_2018_notification.pdf,1-9 Units: $1.02 per square foot,"Register: Updated as of December 1, 2017, rates effective as of January 1, 2018)"
reg2018_cc_10,register rate,"Child care fee, residential, 10+ units",2.03,$ / gsf,,,,2018,,https://web.archive.org/web/20180802060552id_/https://sfdbi.org/sites/default/files/Impact_Fee_Schedule_2018_notification.pdf,10 Units and Above: $2.03 per square foot,"Register: Updated as of December 1, 2017, rates effective as of January 1, 2018)"
reg2018_en_t1,register rate,"Eastern Neighborhoods, Tier 1",11.32,$ / gsf,,,,2018,,https://web.archive.org/web/20180802060552id_/https://sfdbi.org/sites/default/files/Impact_Fee_Schedule_2018_notification.pdf,Tier 1: $11.32/square foot for Residential,"Register: Updated as of December 1, 2017, rates effective as of January 1, 2018)"
reg2018_en_t2,register rate,"Eastern Neighborhoods, Tier 2",16.98,$ / gsf,,,,2018,,https://web.archive.org/web/20180802060552id_/https://sfdbi.org/sites/default/files/Impact_Fee_Schedule_2018_notification.pdf,Tier 2: $16.98/square foot for Residential,"Register: Updated as of December 1, 2017, rates effective as of January 1, 2018)"
reg2018_en_t3,register rate,"Eastern Neighborhoods, Tier 3",22.64,$ / gsf,,,,2018,,https://web.archive.org/web/20180802060552id_/https://sfdbi.org/sites/default/files/Impact_Fee_Schedule_2018_notification.pdf,Tier 3: $22.64/square foot for Residential,"Register: Updated as of December 1, 2017, rates effective as of January 1, 2018)"
reg2018_mo_421,register rate,Market and Octavia community improvements,12.73,$ / gsf,,,,2018,,https://web.archive.org/web/20180802060552id_/https://sfdbi.org/sites/default/files/Impact_Fee_Schedule_2018_notification.pdf,Section 421 Residential + Non- Residential * $12.73/s.f. for Residential,"Register: Updated as of December 1, 2017, rates effective as of January 1, 2018)"
reg2018_mo_416_nct,register rate,"Market and Octavia affordable housing fee, NCT",5.1,$ / gsf,,,,2018,,https://web.archive.org/web/20180802060552id_/https://sfdbi.org/sites/default/files/Impact_Fee_Schedule_2018_notification.pdf,Section 416 Residential $5.10/sf for NCT,"Register: Updated as of December 1, 2017, rates effective as of January 1, 2018)"
reg2018_mo_416_vnm,register rate,"Market and Octavia affordable housing fee, Van Ness & Market SUD",10.18,$ / gsf,,,,2018,,https://web.archive.org/web/20180802060552id_/https://sfdbi.org/sites/default/files/Impact_Fee_Schedule_2018_notification.pdf,Section 416 Residential $5.10/sf for NCT and $10.18/ sf for Van Ness,"Register: Updated as of December 1, 2017, rates effective as of January 1, 2018)"
reg2018_rh_418,register rate,Rincon Hill community infrastructure,12.17,$ / gsf,,,,2018,,https://web.archive.org/web/20180802060552id_/https://sfdbi.org/sites/default/files/Impact_Fee_Schedule_2018_notification.pdf,Section 418 Residential $12.17 per gross square foot (Table 418.3A),"Register: Updated as of December 1, 2017, rates effective as of January 1, 2018)"
reg2018_soma_418,register rate,SOMA community stabilization (Rincon Hill),15.49,$ / gsf,,,,2018,,https://web.archive.org/web/20180802060552id_/https://sfdbi.org/sites/default/files/Impact_Fee_Schedule_2018_notification.pdf,Community Stabilization Fee Rincon Hill Planning Code Section 418.3(d) Residential $15.49 per gross square foot.,"Register: Updated as of December 1, 2017, rates effective as of January 1, 2018)"
reg2018_vv_420,register rate,Visitacion Valley community facilities,6.48,$ / sf,,,,2018,,https://web.archive.org/web/20180802060552id_/https://sfdbi.org/sites/default/files/Impact_Fee_Schedule_2018_notification.pdf,Section 420 Residential * $6.48 per square foot,"Register: Updated as of December 1, 2017, rates effective as of January 1, 2018)"
reg2018_bp_422,register rate,Balboa Park community improvements,11.32,$ / gsf,,,,2018,,https://web.archive.org/web/20180802060552id_/https://sfdbi.org/sites/default/files/Impact_Fee_Schedule_2018_notification.pdf,Section 422 Residential + Non- Residential $11.32/sf for Residential,"Register: Updated as of December 1, 2017, rates effective as of January 1, 2018)"
reg2018_tc_4246,register rate,Transit Center open space (base),3.19,$ / gsf,,,,2018,,https://web.archive.org/web/20180802060552id_/https://sfdbi.org/sites/default/files/Impact_Fee_Schedule_2018_notification.pdf,Section 424.6 All * Residential: $3.19 base fee,"Register: Updated as of December 1, 2017, rates effective as of January 1, 2018)"
reg2018_tc_4247,register rate,Transit Center transportation and street (base),5.04,$ / gsf,,,,2018,,https://web.archive.org/web/20180802060552id_/https://sfdbi.org/sites/default/files/Impact_Fee_Schedule_2018_notification.pdf,"Section 424.7 All Includes only columns B, C and D of table 424.7A: * Residential: $5.04 base fee","Register: Updated as of December 1, 2017, rates effective as of January 1, 2018)"
reg2018_school,register rate,"School impact fee (SFUSD, Education Code 17620)",3.48,$ / sf,,,,2018,,https://web.archive.org/web/20180802060552id_/https://sfdbi.org/sites/default/files/Impact_Fee_Schedule_2018_notification.pdf,Residential per square foot = $3.480,"Register: Updated as of December 1, 2017, rates effective as of January 1, 2018)"
reg2019_incl_psf,register rate,Inclusionary fee per gsf of residential floor area,199.5,$ / gsf x applicable %,,,,2019,,https://web.archive.org/web/20190915185307if_/https://sfplanning.org/sites/default/files/forms/Impact_Fee_Schedule.pdf,$199.50 per square foot of Gross Floor Area (as defined in Section 401) of Residential use,"Register: Updated as of December 1, 2018, rates effective as of January 1, 2019)"
reg2019_tsf_21_99,register rate,"Transportation Sustainability Fee, 21--99 units",9.11,$ / gsf,,,,2019,,https://web.archive.org/web/20190915185307if_/https://sfplanning.org/sites/default/files/forms/Impact_Fee_Schedule.pdf,21-99 Units: $9.11 per gross sq. ft.,"Register: Updated as of December 1, 2018, rates effective as of January 1, 2019)"
reg2019_tsf_100,register rate,"Transportation Sustainability Fee, 100+ units",10.29,$ / gsf,,,,2019,,https://web.archive.org/web/20190915185307if_/https://sfplanning.org/sites/default/files/forms/Impact_Fee_Schedule.pdf,>99 Units: $10.29 per gross sq. ft.,"Register: Updated as of December 1, 2018, rates effective as of January 1, 2019)"
reg2019_cc_1_9,register rate,"Child care fee, residential, 1--9 units",1.08,$ / gsf,,,,2019,,https://web.archive.org/web/20190915185307if_/https://sfplanning.org/sites/default/files/forms/Impact_Fee_Schedule.pdf,1-9 Units: $1.08 per square foot,"Register: Updated as of December 1, 2018, rates effective as of January 1, 2019)"
reg2019_cc_10,register rate,"Child care fee, residential, 10+ units",2.15,$ / gsf,,,,2019,,https://web.archive.org/web/20190915185307if_/https://sfplanning.org/sites/default/files/forms/Impact_Fee_Schedule.pdf,10 Units and Above: $2.15 per square foot,"Register: Updated as of December 1, 2018, rates effective as of January 1, 2019)"
reg2019_en_t1,register rate,"Eastern Neighborhoods, Tier 1",12,$ / gsf,,,,2019,,https://web.archive.org/web/20190915185307if_/https://sfplanning.org/sites/default/files/forms/Impact_Fee_Schedule.pdf,Tier 1: Residential: $12.00/gsf,"Register: Updated as of December 1, 2018, rates effective as of January 1, 2019)"
reg2019_en_t2,register rate,"Eastern Neighborhoods, Tier 2",18,$ / gsf,,,,2019,,https://web.archive.org/web/20190915185307if_/https://sfplanning.org/sites/default/files/forms/Impact_Fee_Schedule.pdf,Tier 2: Residential: $18.00/gsf,"Register: Updated as of December 1, 2018, rates effective as of January 1, 2019)"
reg2019_en_t3,register rate,"Eastern Neighborhoods, Tier 3",24,$ / gsf,,,,2019,,https://web.archive.org/web/20190915185307if_/https://sfplanning.org/sites/default/files/forms/Impact_Fee_Schedule.pdf,Tier 3: Residential: $24.00/gsf,"Register: Updated as of December 1, 2018, rates effective as of January 1, 2019)"
reg2019_mo_421,register rate,Market and Octavia community improvements,13.49,$ / gsf,,,,2019,,https://web.archive.org/web/20190915185307if_/https://sfplanning.org/sites/default/files/forms/Impact_Fee_Schedule.pdf,Section 421 Residential + Non- Residential Residential: $13.49/gsf,"Register: Updated as of December 1, 2018, rates effective as of January 1, 2019)"
reg2019_mo_416_nct,register rate,"Market and Octavia affordable housing fee, NCT",5.4,$ / gsf,,,,2019,,https://web.archive.org/web/20190915185307if_/https://sfplanning.org/sites/default/files/forms/Impact_Fee_Schedule.pdf,Section 416 Residential $5.40/sf for NCT,"Register: Updated as of December 1, 2018, rates effective as of January 1, 2019)"
reg2019_mo_416_vnm,register rate,"Market and Octavia affordable housing fee, Van Ness & Market SUD",10.79,$ / gsf,,,,2019,,https://web.archive.org/web/20190915185307if_/https://sfplanning.org/sites/default/files/forms/Impact_Fee_Schedule.pdf,Section 416 Residential $5.40/sf for NCT and $10.79/ sf for Van Ness,"Register: Updated as of December 1, 2018, rates effective as of January 1, 2019)"
reg2019_rh_418,register rate,Rincon Hill community infrastructure,12.9,$ / gsf,,,,2019,,https://web.archive.org/web/20190915185307if_/https://sfplanning.org/sites/default/files/forms/Impact_Fee_Schedule.pdf,Section 418 Residential $12.90 per gross square foot (Table 418.3A),"Register: Updated as of December 1, 2018, rates effective as of January 1, 2019)"
reg2019_soma_418,register rate,SOMA community stabilization (Rincon Hill),16.42,$ / gsf,,,,2019,,https://web.archive.org/web/20190915185307if_/https://sfplanning.org/sites/default/files/forms/Impact_Fee_Schedule.pdf,Community Stabilization Fee Rincon Hill Planning Code Section 418.3(d) Residential $16.42 per gross square foot.,"Register: Updated as of December 1, 2018, rates effective as of January 1, 2019)"
reg2019_vv_420,register rate,Visitacion Valley community facilities,6.87,$ / sf,,,,2019,,https://web.archive.org/web/20190915185307if_/https://sfplanning.org/sites/default/files/forms/Impact_Fee_Schedule.pdf,Section 420 Residential $6.87 per square foot,"Register: Updated as of December 1, 2018, rates effective as of January 1, 2019)"
reg2019_bp_422,register rate,Balboa Park community improvements,12,$ / gsf,,,,2019,,https://web.archive.org/web/20190915185307if_/https://sfplanning.org/sites/default/files/forms/Impact_Fee_Schedule.pdf,Section 422 Residential + Non- Residential Residential: $12.00/gsf,"Register: Updated as of December 1, 2018, rates effective as of January 1, 2019)"
reg2019_tc_4246,register rate,Transit Center open space (base),3.38,$ / gsf,,,,2019,,https://web.archive.org/web/20190915185307if_/https://sfplanning.org/sites/default/files/forms/Impact_Fee_Schedule.pdf,Section 424.6 All Residential: $3.38 base fee,"Register: Updated as of December 1, 2018, rates effective as of January 1, 2019)"
reg2019_tc_4247,register rate,Transit Center transportation and street (base),5.34,$ / gsf,,,,2019,,https://web.archive.org/web/20190915185307if_/https://sfplanning.org/sites/default/files/forms/Impact_Fee_Schedule.pdf,"Section 424.7 All Includes only columns B, C and D of table 424.7A: Residential: $5.34 base fee","Register: Updated as of December 1, 2018, rates effective as of January 1, 2019)"
reg2019_cs_432,register rate,Central SoMa community services facilities,1.3,$ / gsf,,,,2019,,https://web.archive.org/web/20190915185307if_/https://sfplanning.org/sites/default/files/forms/Impact_Fee_Schedule.pdf,Section 432 Residential + Non- Residential Residential: $1.30/gsf,"Register: Updated as of December 1, 2018, rates effective as of January 1, 2019)"
reg2019_cs_433_condo,register rate,"Central SoMa infrastructure, Tier B, condominium",20,$ / gsf,,,,2019,,https://web.archive.org/web/20190915185307if_/https://sfplanning.org/sites/default/files/forms/Impact_Fee_Schedule.pdf,Tier B - Condominium: $20.00/gsf,"Register: Updated as of December 1, 2018, rates effective as of January 1, 2019)"
reg2019_cs_433_rental,register rate,"Central SoMa infrastructure, Tier B, rental",10,$ / gsf,,,,2019,,https://web.archive.org/web/20190915185307if_/https://sfplanning.org/sites/default/files/forms/Impact_Fee_Schedule.pdf,Tier B - Rental: $10.00/gsf,"Register: Updated as of December 1, 2018, rates effective as of January 1, 2019)"
reg2019_school,register rate,"School impact fee (SFUSD, Education Code 17620)",3.79,$ / sf,,,,2019,,https://web.archive.org/web/20190915185307if_/https://sfplanning.org/sites/default/files/forms/Impact_Fee_Schedule.pdf,Residential per square foot = $3.790,"Register: Updated as of December 1, 2018, rates effective as of January 1, 2019)"
reg2020_incl_psf,register rate,Inclusionary fee per gsf of residential floor area,210.47,$ / gsf x applicable %,,,,2020,,https://web.archive.org/web/20200305123739if_/https://sfplanning.org/sites/default/files/forms/Impact_Fee_Schedule.pdf,$210.47 per square foot of Gross Floor Area (as defined in Section 401) of Residential use,"Register: Updated as of December 1, 2019, rates effective as of January 1, 2020)"
reg2020_tsf_21_99,register rate,"Transportation Sustainability Fee, 21--99 units",9.61,$ / gsf,,,,2020,,https://web.archive.org/web/20200305123739if_/https://sfplanning.org/sites/default/files/forms/Impact_Fee_Schedule.pdf,21-99 Units: $9.61 per gross sq. ft.,"Register: Updated as of December 1, 2019, rates effective as of January 1, 2020)"
reg2020_tsf_100,register rate,"Transportation Sustainability Fee, 100+ units",10.86,$ / gsf,,,,2020,,https://web.archive.org/web/20200305123739if_/https://sfplanning.org/sites/default/files/forms/Impact_Fee_Schedule.pdf,>99 Units: $10.86 per gross sq. ft.,"Register: Updated as of December 1, 2019, rates effective as of January 1, 2020)"
reg2020_cc_1_9,register rate,"Child care fee, residential, 1--9 units",1.14,$ / gsf,,,,2020,,https://web.archive.org/web/20200305123739if_/https://sfplanning.org/sites/default/files/forms/Impact_Fee_Schedule.pdf,1-9 Units: $1.14 per square foot,"Register: Updated as of December 1, 2019, rates effective as of January 1, 2020)"
reg2020_cc_10,register rate,"Child care fee, residential, 10+ units",2.27,$ / gsf,,,,2020,,https://web.archive.org/web/20200305123739if_/https://sfplanning.org/sites/default/files/forms/Impact_Fee_Schedule.pdf,10 Units and Above: $2.27 per square foot,"Register: Updated as of December 1, 2019, rates effective as of January 1, 2020)"
reg2020_en_t1,register rate,"Eastern Neighborhoods, Tier 1",12.66,$ / gsf,,,,2020,,https://web.archive.org/web/20200305123739if_/https://sfplanning.org/sites/default/files/forms/Impact_Fee_Schedule.pdf,Tier 1: Residential: $12.66/gsf,"Register: Updated as of December 1, 2019, rates effective as of January 1, 2020)"
reg2020_en_t2,register rate,"Eastern Neighborhoods, Tier 2",18.99,$ / gsf,,,,2020,,https://web.archive.org/web/20200305123739if_/https://sfplanning.org/sites/default/files/forms/Impact_Fee_Schedule.pdf,Tier 2: Residential: $18.99/gsf,"Register: Updated as of December 1, 2019, rates effective as of January 1, 2020)"
reg2020_en_t3,register rate,"Eastern Neighborhoods, Tier 3",25.32,$ / gsf,,,,2020,,https://web.archive.org/web/20200305123739if_/https://sfplanning.org/sites/default/files/forms/Impact_Fee_Schedule.pdf,Tier 3: Residential: $25.32/gsf,"Register: Updated as of December 1, 2019, rates effective as of January 1, 2020)"
reg2020_mo_421,register rate,Market and Octavia community improvements,14.23,$ / gsf,,,,2020,,https://web.archive.org/web/20200305123739if_/https://sfplanning.org/sites/default/files/forms/Impact_Fee_Schedule.pdf,Section 421 Residential + Non- Residential Residential: $14.23/gsf,"Register: Updated as of December 1, 2019, rates effective as of January 1, 2020)"
reg2020_mo_416_nct,register rate,"Market and Octavia affordable housing fee, NCT",5.7,$ / gsf,,,,2020,,https://web.archive.org/web/20200305123739if_/https://sfplanning.org/sites/default/files/forms/Impact_Fee_Schedule.pdf,Section 416 Residential $5.70/sf for NCT,"Register: Updated as of December 1, 2019, rates effective as of January 1, 2020)"
reg2020_mo_416_vnm,register rate,"Market and Octavia affordable housing fee, Van Ness & Market SUD",11.38,$ / gsf,,,,2020,,https://web.archive.org/web/20200305123739if_/https://sfplanning.org/sites/default/files/forms/Impact_Fee_Schedule.pdf,Section 416 Residential $5.70/sf for NCT and $11.38/ sf for Van Ness,"Register: Updated as of December 1, 2019, rates effective as of January 1, 2020)"
reg2020_rh_418,register rate,Rincon Hill community infrastructure,13.61,$ / gsf,,,,2020,,https://web.archive.org/web/20200305123739if_/https://sfplanning.org/sites/default/files/forms/Impact_Fee_Schedule.pdf,Section 418 Residential $13.61 per gross square foot (Table 418.3A),"Register: Updated as of December 1, 2019, rates effective as of January 1, 2020)"
reg2020_soma_418,register rate,SOMA community stabilization (Rincon Hill),17.32,$ / gsf,,,,2020,,https://web.archive.org/web/20200305123739if_/https://sfplanning.org/sites/default/files/forms/Impact_Fee_Schedule.pdf,Community Stabilization Fee Rincon Hill Planning Code Section 418.3(d) Residential $17.32 per gross square foot.,"Register: Updated as of December 1, 2019, rates effective as of January 1, 2020)"
reg2020_vv_420,register rate,Visitacion Valley community facilities,7.25,$ / sf,,,,2020,,https://web.archive.org/web/20200305123739if_/https://sfplanning.org/sites/default/files/forms/Impact_Fee_Schedule.pdf,Section 420 Residential $7.25 per square foot,"Register: Updated as of December 1, 2019, rates effective as of January 1, 2020)"
reg2020_bp_422,register rate,Balboa Park community improvements,12.66,$ / gsf,,,,2020,,https://web.archive.org/web/20200305123739if_/https://sfplanning.org/sites/default/files/forms/Impact_Fee_Schedule.pdf,Section 422 Residential + Non- Residential Residential: $12.66/gsf,"Register: Updated as of December 1, 2019, rates effective as of January 1, 2020)"
reg2020_tc_4246,register rate,Transit Center open space (base),3.57,$ / gsf,,,,2020,,https://web.archive.org/web/20200305123739if_/https://sfplanning.org/sites/default/files/forms/Impact_Fee_Schedule.pdf,Section 424.6 All Residential: $3.57 base fee,"Register: Updated as of December 1, 2019, rates effective as of January 1, 2020)"
reg2020_tc_4247,register rate,Transit Center transportation and street (base),5.63,$ / gsf,,,,2020,,https://web.archive.org/web/20200305123739if_/https://sfplanning.org/sites/default/files/forms/Impact_Fee_Schedule.pdf,"Section 424.7 All Includes only columns B, C and D of table 424.7A: Residential: $5.63 base fee","Register: Updated as of December 1, 2019, rates effective as of January 1, 2020)"
reg2020_cs_432,register rate,Central SoMa community services facilities,1.37,$ / gsf,,,,2020,,https://web.archive.org/web/20200305123739if_/https://sfplanning.org/sites/default/files/forms/Impact_Fee_Schedule.pdf,Section 432 Residential + Non- Residential Residential: $1.37/gsf,"Register: Updated as of December 1, 2019, rates effective as of January 1, 2020)"
reg2020_cs_433_condo,register rate,"Central SoMa infrastructure, Tier B, condominium",21.1,$ / gsf,,,,2020,,https://web.archive.org/web/20200305123739if_/https://sfplanning.org/sites/default/files/forms/Impact_Fee_Schedule.pdf,Tier B - Condominium: $21.10/gsf,"Register: Updated as of December 1, 2019, rates effective as of January 1, 2020)"
reg2020_cs_433_rental,register rate,"Central SoMa infrastructure, Tier B, rental",10.55,$ / gsf,,,,2020,,https://web.archive.org/web/20200305123739if_/https://sfplanning.org/sites/default/files/forms/Impact_Fee_Schedule.pdf,Tier B - Rental: $10.55/gsf,"Register: Updated as of December 1, 2019, rates effective as of January 1, 2020)"
reg2020_school,register rate,"School impact fee (SFUSD, Education Code 17620)",3.79,$ / sf,,,,2020,,https://web.archive.org/web/20200305123739if_/https://sfplanning.org/sites/default/files/forms/Impact_Fee_Schedule.pdf,Residential per square foot = $3.790,"Register: Updated as of December 1, 2019, rates effective as of January 1, 2020)"
reg2021_incl_psf,register rate,Inclusionary fee per gsf of residential floor area,217.84,$ / gsf x applicable %,,,,2021,,https://web.archive.org/web/20210421052129if_/https://sfplanning.org/sites/default/files/forms/Impact_Fee_Schedule.pdf,$217.84 per square foot of Gross Floor Area (as defined in Section 401) of Residential use,"Register: Updated as of December 1, 2020, rates effective as of January 11, 2021)"
reg2021_tsf_21_99,register rate,"Transportation Sustainability Fee, 21--99 units",9.95,$ / gsf,,,,2021,,https://web.archive.org/web/20210421052129if_/https://sfplanning.org/sites/default/files/forms/Impact_Fee_Schedule.pdf,21-99 Units: $9.95 per gross sq. ft.,"Register: Updated as of December 1, 2020, rates effective as of January 11, 2021)"
reg2021_tsf_100,register rate,"Transportation Sustainability Fee, 100+ units",11.24,$ / gsf,,,,2021,,https://web.archive.org/web/20210421052129if_/https://sfplanning.org/sites/default/files/forms/Impact_Fee_Schedule.pdf,>99 Units: $11.24 per gross sq. ft.,"Register: Updated as of December 1, 2020, rates effective as of January 11, 2021)"
reg2021_cc_1_9,register rate,"Child care fee, residential, 1--9 units",1.18,$ / gsf,,,,2021,,https://web.archive.org/web/20210421052129if_/https://sfplanning.org/sites/default/files/forms/Impact_Fee_Schedule.pdf,1-9 Units: $1.18 per square foot,"Register: Updated as of December 1, 2020, rates effective as of January 11, 2021)"
reg2021_cc_10,register rate,"Child care fee, residential, 10+ units",2.35,$ / gsf,,,,2021,,https://web.archive.org/web/20210421052129if_/https://sfplanning.org/sites/default/files/forms/Impact_Fee_Schedule.pdf,10 Units and Above: $2.35 per square foot,"Register: Updated as of December 1, 2020, rates effective as of January 11, 2021)"
reg2021_en_t1,register rate,"Eastern Neighborhoods, Tier 1",13.1,$ / gsf,,,,2021,,https://web.archive.org/web/20210421052129if_/https://sfplanning.org/sites/default/files/forms/Impact_Fee_Schedule.pdf,Tier 1: Residential: $13.10/gsf,"Register: Updated as of December 1, 2020, rates effective as of January 11, 2021)"
reg2021_en_t2,register rate,"Eastern Neighborhoods, Tier 2",19.65,$ / gsf,,,,2021,,https://web.archive.org/web/20210421052129if_/https://sfplanning.org/sites/default/files/forms/Impact_Fee_Schedule.pdf,Tier 2: Residential: $19.65/gsf,"Register: Updated as of December 1, 2020, rates effective as of January 11, 2021)"
reg2021_en_t3,register rate,"Eastern Neighborhoods, Tier 3",26.21,$ / gsf,,,,2021,,https://web.archive.org/web/20210421052129if_/https://sfplanning.org/sites/default/files/forms/Impact_Fee_Schedule.pdf,Tier 3: Residential: $26.21/gsf,"Register: Updated as of December 1, 2020, rates effective as of January 11, 2021)"
reg2021_mo_421,register rate,Market and Octavia community improvements,14.73,$ / gsf,,,,2021,,https://web.archive.org/web/20210421052129if_/https://sfplanning.org/sites/default/files/forms/Impact_Fee_Schedule.pdf,Section 421 Residential + Non- Residential Residential: $14.73/gsf,"Register: Updated as of December 1, 2020, rates effective as of January 11, 2021)"
reg2021_mo_416_nct,register rate,"Market and Octavia affordable housing fee, NCT",5.9,$ / gsf,,,,2021,,https://web.archive.org/web/20210421052129if_/https://sfplanning.org/sites/default/files/forms/Impact_Fee_Schedule.pdf,Section 416 Residential $5.90/sf for NCT,"Register: Updated as of December 1, 2020, rates effective as of January 11, 2021)"
reg2021_mo_416_vnm,register rate,"Market and Octavia affordable housing fee, Van Ness & Market SUD",11.78,$ / gsf,,,,2021,,https://web.archive.org/web/20210421052129if_/https://sfplanning.org/sites/default/files/forms/Impact_Fee_Schedule.pdf,Section 416 Residential $5.90/sf for NCT and $11.78/ sf for Van Ness,"Register: Updated as of December 1, 2020, rates effective as of January 11, 2021)"
reg2021_rh_418,register rate,Rincon Hill community infrastructure,14.09,$ / gsf,,,,2021,,https://web.archive.org/web/20210421052129if_/https://sfplanning.org/sites/default/files/forms/Impact_Fee_Schedule.pdf,Section 418 Residential $14.09 per gross square foot (Table 418.3A),"Register: Updated as of December 1, 2020, rates effective as of January 11, 2021)"
reg2021_soma_418,register rate,SOMA community stabilization (Rincon Hill),17.93,$ / gsf,,,,2021,,https://web.archive.org/web/20210421052129if_/https://sfplanning.org/sites/default/files/forms/Impact_Fee_Schedule.pdf,Community Stabilization Fee Rincon Hill Planning Code Section 418.3(d) Residential $17.93 per gross square foot.,"Register: Updated as of December 1, 2020, rates effective as of January 11, 2021)"
reg2021_vv_420,register rate,Visitacion Valley community facilities,7.5,$ / sf,,,,2021,,https://web.archive.org/web/20210421052129if_/https://sfplanning.org/sites/default/files/forms/Impact_Fee_Schedule.pdf,Section 420 Residential $7.50 per square foot,"Register: Updated as of December 1, 2020, rates effective as of January 11, 2021)"
reg2021_bp_422,register rate,Balboa Park community improvements,13.1,$ / gsf,,,,2021,,https://web.archive.org/web/20210421052129if_/https://sfplanning.org/sites/default/files/forms/Impact_Fee_Schedule.pdf,Section 422 Residential + Non- Residential Residential: $13.10/gsf,"Register: Updated as of December 1, 2020, rates effective as of January 11, 2021)"
reg2021_tc_4246,register rate,Transit Center open space (base),3.69,$ / gsf,,,,2021,,https://web.archive.org/web/20210421052129if_/https://sfplanning.org/sites/default/files/forms/Impact_Fee_Schedule.pdf,Section 424.6 All Residential: $3.69 base fee,"Register: Updated as of December 1, 2020, rates effective as of January 11, 2021)"
reg2021_tc_4247,register rate,Transit Center transportation and street (base),5.83,$ / gsf,,,,2021,,https://web.archive.org/web/20210421052129if_/https://sfplanning.org/sites/default/files/forms/Impact_Fee_Schedule.pdf,"Section 424.7 All Includes only columns B, C and D of table 424.7A: Residential: $5.83 base fee","Register: Updated as of December 1, 2020, rates effective as of January 11, 2021)"
reg2021_cs_432,register rate,Central SoMa community services facilities,1.42,$ / gsf,,,,2021,,https://web.archive.org/web/20210421052129if_/https://sfplanning.org/sites/default/files/forms/Impact_Fee_Schedule.pdf,Section 432 Residential + Non- Residential Residential: $1.42/gsf,"Register: Updated as of December 1, 2020, rates effective as of January 11, 2021)"
reg2021_cs_433_condo,register rate,"Central SoMa infrastructure, Tier B, condominium",21.84,$ / gsf,,,,2021,,https://web.archive.org/web/20210421052129if_/https://sfplanning.org/sites/default/files/forms/Impact_Fee_Schedule.pdf,Tier B - Condominium: $21.84/gsf,"Register: Updated as of December 1, 2020, rates effective as of January 11, 2021)"
reg2021_cs_433_rental,register rate,"Central SoMa infrastructure, Tier B, rental",10.92,$ / gsf,,,,2021,,https://web.archive.org/web/20210421052129if_/https://sfplanning.org/sites/default/files/forms/Impact_Fee_Schedule.pdf,Tier B - Rental: $10.92/gsf,"Register: Updated as of December 1, 2020, rates effective as of January 11, 2021)"
reg2021_school,register rate,"School impact fee (SFUSD, Education Code 17620)",3.79,$ / sf,,,,2021,,https://web.archive.org/web/20210421052129if_/https://sfplanning.org/sites/default/files/forms/Impact_Fee_Schedule.pdf,Residential per square foot = $3.790,"Register: Updated as of December 1, 2020, rates effective as of January 11, 2021)"
reg2022_incl_psf,register rate,Inclusionary fee per gsf of residential floor area,230.91,$ / gsf x applicable %,,,,2022,,https://sfplanning.org/sites/default/files/forms/Impact_Fee_Schedule-2022.pdf,$230.91 per square foot of Gross Floor Area (as defined in Section 401) of Residential use,"Register: Updated as of December 1, 2021, rates effective as of January 1, 2022)"
reg2022_tsf_21_99,register rate,"Transportation Sustainability Fee, 21--99 units",10.55,$ / gsf,,,,2022,,https://sfplanning.org/sites/default/files/forms/Impact_Fee_Schedule-2022.pdf,21-99 Units: $10.55 per gross sq. ft.,"Register: Updated as of December 1, 2021, rates effective as of January 1, 2022)"
reg2022_tsf_100,register rate,"Transportation Sustainability Fee, 100+ units",11.91,$ / gsf,,,,2022,,https://sfplanning.org/sites/default/files/forms/Impact_Fee_Schedule-2022.pdf,>99 Units: $11.91 per gross sq. ft.,"Register: Updated as of December 1, 2021, rates effective as of January 1, 2022)"
reg2022_cc_1_9,register rate,"Child care fee, residential, 1--9 units",1.25,$ / gsf,,,,2022,,https://sfplanning.org/sites/default/files/forms/Impact_Fee_Schedule-2022.pdf,1-9 Units: $1.25 per square foot,"Register: Updated as of December 1, 2021, rates effective as of January 1, 2022)"
reg2022_cc_10,register rate,"Child care fee, residential, 10+ units",2.49,$ / gsf,,,,2022,,https://sfplanning.org/sites/default/files/forms/Impact_Fee_Schedule-2022.pdf,10 Units and Above: $2.49 per square foot,"Register: Updated as of December 1, 2021, rates effective as of January 1, 2022)"
reg2022_en_t1,register rate,"Eastern Neighborhoods, Tier 1",13.89,$ / gsf,,,,2022,,https://sfplanning.org/sites/default/files/forms/Impact_Fee_Schedule-2022.pdf,Tier 1: Residential: $13.89/gsf,"Register: Updated as of December 1, 2021, rates effective as of January 1, 2022)"
reg2022_en_t2,register rate,"Eastern Neighborhoods, Tier 2",20.83,$ / gsf,,,,2022,,https://sfplanning.org/sites/default/files/forms/Impact_Fee_Schedule-2022.pdf,Tier 2: Residential: $20.83/gsf,"Register: Updated as of December 1, 2021, rates effective as of January 1, 2022)"
reg2022_en_t3,register rate,"Eastern Neighborhoods, Tier 3",27.78,$ / gsf,,,,2022,,https://sfplanning.org/sites/default/files/forms/Impact_Fee_Schedule-2022.pdf,Tier 3: Residential: $27.78/gsf,"Register: Updated as of December 1, 2021, rates effective as of January 1, 2022)"
reg2022_mo_421,register rate,Market and Octavia community improvements,15.61,$ / gsf,,,,2022,,https://sfplanning.org/sites/default/files/forms/Impact_Fee_Schedule-2022.pdf,Section 421 Residential + Non- Residential Residential: $15.61/gsf,"Register: Updated as of December 1, 2021, rates effective as of January 1, 2022)"
reg2022_mo_416_nct,register rate,"Market and Octavia affordable housing fee, NCT",6.25,$ / gsf,,,,2022,,https://sfplanning.org/sites/default/files/forms/Impact_Fee_Schedule-2022.pdf,Section 416 Residential $6.25/sf for NCT,"Register: Updated as of December 1, 2021, rates effective as of January 1, 2022)"
reg2022_mo_416_vnm,register rate,"Market and Octavia affordable housing fee, Van Ness & Market SUD",12.49,$ / gsf,,,,2022,,https://sfplanning.org/sites/default/files/forms/Impact_Fee_Schedule-2022.pdf,Section 416 Residential $6.25/sf for NCT and $12.49/ sf for Van Ness,"Register: Updated as of December 1, 2021, rates effective as of January 1, 2022)"
reg2022_rh_418,register rate,Rincon Hill community infrastructure,14.94,$ / gsf,,,,2022,,https://sfplanning.org/sites/default/files/forms/Impact_Fee_Schedule-2022.pdf,Section 418 Residential $14.94 per gross square foot (Table 418.3A),"Register: Updated as of December 1, 2021, rates effective as of January 1, 2022)"
reg2022_soma_418,register rate,SOMA community stabilization (Rincon Hill),19.01,$ / gsf,,,,2022,,https://sfplanning.org/sites/default/files/forms/Impact_Fee_Schedule-2022.pdf,Community Stabilization Fee Rincon Hill Planning Code Section 418.3(d) Residential $19.01 per gross square foot.,"Register: Updated as of December 1, 2021, rates effective as of January 1, 2022)"
reg2022_vv_420,register rate,Visitacion Valley community facilities,7.95,$ / sf,,,,2022,,https://sfplanning.org/sites/default/files/forms/Impact_Fee_Schedule-2022.pdf,Section 420 Residential $7.95 per square foot,"Register: Updated as of December 1, 2021, rates effective as of January 1, 2022)"
reg2022_bp_422,register rate,Balboa Park community improvements,13.89,$ / gsf,,,,2022,,https://sfplanning.org/sites/default/files/forms/Impact_Fee_Schedule-2022.pdf,Section 422 Residential + Non- Residential Residential: $13.89/gsf,"Register: Updated as of December 1, 2021, rates effective as of January 1, 2022)"
reg2022_tc_4246,register rate,Transit Center open space (base),3.91,$ / gsf,,,,2022,,https://sfplanning.org/sites/default/files/forms/Impact_Fee_Schedule-2022.pdf,Section 424.6 All Residential: $3.91 base fee,"Register: Updated as of December 1, 2021, rates effective as of January 1, 2022)"
reg2022_tc_4247,register rate,Transit Center transportation and street (base),6.18,$ / gsf,,,,2022,,https://sfplanning.org/sites/default/files/forms/Impact_Fee_Schedule-2022.pdf,"Section 424.7 All Includes only columns B, C and D of table 424.7A: Residential: $6.18 base fee","Register: Updated as of December 1, 2021, rates effective as of January 1, 2022)"
reg2022_cs_432,register rate,Central SoMa community services facilities,1.51,$ / gsf,,,,2022,,https://sfplanning.org/sites/default/files/forms/Impact_Fee_Schedule-2022.pdf,Section 432 Residential + Non- Residential Residential: $1.51/gsf,"Register: Updated as of December 1, 2021, rates effective as of January 1, 2022)"
reg2022_cs_433_condo,register rate,"Central SoMa infrastructure, Tier B, condominium",23.15,$ / gsf,,,,2022,,https://sfplanning.org/sites/default/files/forms/Impact_Fee_Schedule-2022.pdf,Tier B - Condominium: $23.15/gsf,"Register: Updated as of December 1, 2021, rates effective as of January 1, 2022)"
reg2022_cs_433_rental,register rate,"Central SoMa infrastructure, Tier B, rental",11.58,$ / gsf,,,,2022,,https://sfplanning.org/sites/default/files/forms/Impact_Fee_Schedule-2022.pdf,Tier B - Rental: $11.58/gsf,"Register: Updated as of December 1, 2021, rates effective as of January 1, 2022)"
reg2022_school,register rate,"School impact fee (SFUSD, Education Code 17620)",3.79,$ / sf,,,,2022,,https://sfplanning.org/sites/default/files/forms/Impact_Fee_Schedule-2022.pdf,Residential per square foot = $3.79,"Register: Updated as of December 1, 2021, rates effective as of January 1, 2022)"
reg2023_incl_psf,register rate,Inclusionary fee per gsf of residential floor area,244.76,$ / gsf x applicable %,,,,2023,,https://sfplanning.org/sites/default/files/forms/Impact_Fee_Schedule-2023.pdf,$244.76 per square foot of Gross Floor Area (as defined in Section 401) of Residential use,"Register: Updated as of December 1, 2022, rates effective as of January 1, 2023)"
reg2023_tsf_21_99,register rate,"Transportation Sustainability Fee, 21--99 units",11.18,$ / gsf,,,,2023,,https://sfplanning.org/sites/default/files/forms/Impact_Fee_Schedule-2023.pdf,21-99 Units: $11.18 per gross sq. ft.,"Register: Updated as of December 1, 2022, rates effective as of January 1, 2023)"
reg2023_tsf_100,register rate,"Transportation Sustainability Fee, 100+ units",12.62,$ / gsf,,,,2023,,https://sfplanning.org/sites/default/files/forms/Impact_Fee_Schedule-2023.pdf,>99 Units: $12.62 per gross sq. ft.,"Register: Updated as of December 1, 2022, rates effective as of January 1, 2023)"
reg2023_cc_1_9,register rate,"Child care fee, residential, 1--9 units",1.33,$ / gsf,,,,2023,,https://sfplanning.org/sites/default/files/forms/Impact_Fee_Schedule-2023.pdf,1-9 Units: $1.33 per square foot,"Register: Updated as of December 1, 2022, rates effective as of January 1, 2023)"
reg2023_cc_10,register rate,"Child care fee, residential, 10+ units",2.64,$ / gsf,,,,2023,,https://sfplanning.org/sites/default/files/forms/Impact_Fee_Schedule-2023.pdf,10 Units and Above: $2.64 per square foot,"Register: Updated as of December 1, 2022, rates effective as of January 1, 2023)"
reg2023_en_t1,register rate,"Eastern Neighborhoods, Tier 1",14.72,$ / gsf,,,,2023,,https://sfplanning.org/sites/default/files/forms/Impact_Fee_Schedule-2023.pdf,Tier 1: Residential: $14.72/gsf,"Register: Updated as of December 1, 2022, rates effective as of January 1, 2023)"
reg2023_en_t2,register rate,"Eastern Neighborhoods, Tier 2",22.08,$ / gsf,,,,2023,,https://sfplanning.org/sites/default/files/forms/Impact_Fee_Schedule-2023.pdf,Tier 2: Residential: $22.08/gsf,"Register: Updated as of December 1, 2022, rates effective as of January 1, 2023)"
reg2023_en_t3,register rate,"Eastern Neighborhoods, Tier 3",29.45,$ / gsf,,,,2023,,https://sfplanning.org/sites/default/files/forms/Impact_Fee_Schedule-2023.pdf,Tier 3: Residential: $29.45/gsf,"Register: Updated as of December 1, 2022, rates effective as of January 1, 2023)"
reg2023_mo_421,register rate,Market and Octavia community improvements,16.55,$ / gsf,,,,2023,,https://sfplanning.org/sites/default/files/forms/Impact_Fee_Schedule-2023.pdf,Section 421 Residential + Non- Residential Residential: $16.55/gsf,"Register: Updated as of December 1, 2022, rates effective as of January 1, 2023)"
reg2023_mo_416_nct,register rate,"Market and Octavia affordable housing fee, NCT",6.63,$ / gsf,,,,2023,,https://sfplanning.org/sites/default/files/forms/Impact_Fee_Schedule-2023.pdf,Section 416 Residential $6.63/sf for NCT,"Register: Updated as of December 1, 2022, rates effective as of January 1, 2023)"
reg2023_mo_416_vnm,register rate,"Market and Octavia affordable housing fee, Van Ness & Market SUD",13.24,$ / gsf,,,,2023,,https://sfplanning.org/sites/default/files/forms/Impact_Fee_Schedule-2023.pdf,Section 416 Residential $6.63/sf for NCT and $13.24/ sf for Van Ness,"Register: Updated as of December 1, 2022, rates effective as of January 1, 2023)"
reg2023_rh_418,register rate,Rincon Hill community infrastructure,15.84,$ / gsf,,,,2023,,https://sfplanning.org/sites/default/files/forms/Impact_Fee_Schedule-2023.pdf,Section 418 Residential $15.84 per gross square foot (Table 418.3A),"Register: Updated as of December 1, 2022, rates effective as of January 1, 2023)"
reg2023_soma_418,register rate,SOMA community stabilization (Rincon Hill),20.15,$ / gsf,,,,2023,,https://sfplanning.org/sites/default/files/forms/Impact_Fee_Schedule-2023.pdf,Community Stabilization Fee Rincon Hill Planning Code Section 418.3(d) Residential $20.15 per gross square foot.,"Register: Updated as of December 1, 2022, rates effective as of January 1, 2023)"
reg2023_vv_420,register rate,Visitacion Valley community facilities,8.43,$ / sf,,,,2023,,https://sfplanning.org/sites/default/files/forms/Impact_Fee_Schedule-2023.pdf,Section 420 Residential $8.43 per square foot,"Register: Updated as of December 1, 2022, rates effective as of January 1, 2023)"
reg2023_bp_422,register rate,Balboa Park community improvements,14.72,$ / gsf,,,,2023,,https://sfplanning.org/sites/default/files/forms/Impact_Fee_Schedule-2023.pdf,Section 422 Residential + Non- Residential Residential: $14.72/gsf,"Register: Updated as of December 1, 2022, rates effective as of January 1, 2023)"
reg2023_tc_4246,register rate,Transit Center open space (base),4.14,$ / gsf,,,,2023,,https://sfplanning.org/sites/default/files/forms/Impact_Fee_Schedule-2023.pdf,Section 424.6 All Residential: $4.14 base fee,"Register: Updated as of December 1, 2022, rates effective as of January 1, 2023)"
reg2023_tc_4247,register rate,Transit Center transportation and street (base),6.55,$ / gsf,,,,2023,,https://sfplanning.org/sites/default/files/forms/Impact_Fee_Schedule-2023.pdf,"Section 424.7 All Includes only columns B, C and D of table 424.7A: Residential: $6.55 base fee","Register: Updated as of December 1, 2022, rates effective as of January 1, 2023)"
reg2023_cs_432,register rate,Central SoMa community services facilities,1.6,$ / gsf,,,,2023,,https://sfplanning.org/sites/default/files/forms/Impact_Fee_Schedule-2023.pdf,Section 432 Residential + Non- Residential Residential: $1.60/gsf,"Register: Updated as of December 1, 2022, rates effective as of January 1, 2023)"
reg2023_cs_433_condo,register rate,"Central SoMa infrastructure, Tier B, condominium",24.54,$ / gsf,,,,2023,,https://sfplanning.org/sites/default/files/forms/Impact_Fee_Schedule-2023.pdf,Tier B - Condominium: $24.54/gsf,"Register: Updated as of December 1, 2022, rates effective as of January 1, 2023)"
reg2023_cs_433_rental,register rate,"Central SoMa infrastructure, Tier B, rental",12.27,$ / gsf,,,,2023,,https://sfplanning.org/sites/default/files/forms/Impact_Fee_Schedule-2023.pdf,Tier B - Rental: $12.27/gsf,"Register: Updated as of December 1, 2022, rates effective as of January 1, 2023)"
reg2023_school,register rate,"School impact fee (SFUSD, Education Code 17620)",3.79,$ / sf,,,,2023,,https://sfplanning.org/sites/default/files/forms/Impact_Fee_Schedule-2023.pdf,Residential per square foot = $3.79,"Register: Updated as of December 1, 2022, rates effective as of January 1, 2023)"
reg2024_incl_psf,register rate,Inclusionary fee per gsf of residential floor area,249.66,$ / gsf x applicable %,,,,2024,,https://sfplanning.org/sites/default/files/forms/Impact_Fee_Schedule-2024.pdf,$249.66 per square foot of Gross Floor Area (as defined in Section 401) of Residential use,"Register: Updated as of December 1, 2023, rates effective as of January 1, 2024)"
reg2024_tsf_21_99,register rate,"Transportation Sustainability Fee, 21--99 units",11.4,$ / gsf,,,,2024,,https://sfplanning.org/sites/default/files/forms/Impact_Fee_Schedule-2024.pdf,21-99 Units: $11.40 per gross sq. ft.,"Register: Updated as of December 1, 2023, rates effective as of January 1, 2024)"
reg2024_tsf_100,register rate,"Transportation Sustainability Fee, 100+ units",12.87,$ / gsf,,,,2024,,https://sfplanning.org/sites/default/files/forms/Impact_Fee_Schedule-2024.pdf,>99 Units: $12.87 per gross sq. ft.,"Register: Updated as of December 1, 2023, rates effective as of January 1, 2024)"
reg2024_cc_1_9,register rate,"Child care fee, residential, 1--9 units",1.36,$ / gsf,,,,2024,,https://sfplanning.org/sites/default/files/forms/Impact_Fee_Schedule-2024.pdf,1-9 Units: $1.36 per square foot,"Register: Updated as of December 1, 2023, rates effective as of January 1, 2024)"
reg2024_cc_10,register rate,"Child care fee, residential, 10+ units",2.69,$ / gsf,,,,2024,,https://sfplanning.org/sites/default/files/forms/Impact_Fee_Schedule-2024.pdf,10 Units and Above: $2.69 per square foot,"Register: Updated as of December 1, 2023, rates effective as of January 1, 2024)"
reg2024_en_t1,register rate,"Eastern Neighborhoods, Tier 1",15.01,$ / gsf,,,,2024,,https://sfplanning.org/sites/default/files/forms/Impact_Fee_Schedule-2024.pdf,Tier 1: Residential: $15.01/gsf,"Register: Updated as of December 1, 2023, rates effective as of January 1, 2024)"
reg2024_en_t2,register rate,"Eastern Neighborhoods, Tier 2",22.52,$ / gsf,,,,2024,,https://sfplanning.org/sites/default/files/forms/Impact_Fee_Schedule-2024.pdf,Tier 2: Residential: $22.52/gsf,"Register: Updated as of December 1, 2023, rates effective as of January 1, 2024)"
reg2024_en_t3,register rate,"Eastern Neighborhoods, Tier 3",30.04,$ / gsf,,,,2024,,https://sfplanning.org/sites/default/files/forms/Impact_Fee_Schedule-2024.pdf,Tier 3: Residential: $30.04/gsf,"Register: Updated as of December 1, 2023, rates effective as of January 1, 2024)"
reg2024_mo_421,register rate,Market and Octavia community improvements,16.88,$ / gsf,,,,2024,,https://sfplanning.org/sites/default/files/forms/Impact_Fee_Schedule-2024.pdf,Section 421 Residential + Non- Residential Residential: $16.88/gsf,"Register: Updated as of December 1, 2023, rates effective as of January 1, 2024)"
reg2024_mo_416_nct,register rate,"Market and Octavia affordable housing fee, NCT",6.76,$ / gsf,,,,2024,,https://sfplanning.org/sites/default/files/forms/Impact_Fee_Schedule-2024.pdf,Section 416 Residential $6.76/sf for NCT,"Register: Updated as of December 1, 2023, rates effective as of January 1, 2024)"
reg2024_mo_416_vnm,register rate,"Market and Octavia affordable housing fee, Van Ness & Market SUD",13.5,$ / gsf,,,,2024,,https://sfplanning.org/sites/default/files/forms/Impact_Fee_Schedule-2024.pdf,Section 416 Residential $6.76/sf for NCT and $13.50/ sf for Van Ness,"Register: Updated as of December 1, 2023, rates effective as of January 1, 2024)"
reg2024_rh_418,register rate,Rincon Hill community infrastructure,16.16,$ / gsf,,,,2024,,https://sfplanning.org/sites/default/files/forms/Impact_Fee_Schedule-2024.pdf,Section 418 Residential $16.16 per gross square foot (Table 418.3A),"Register: Updated as of December 1, 2023, rates effective as of January 1, 2024)"
reg2024_soma_418,register rate,SOMA community stabilization (Rincon Hill),20.55,$ / gsf,,,,2024,,https://sfplanning.org/sites/default/files/forms/Impact_Fee_Schedule-2024.pdf,Community Stabilization Fee Rincon Hill Planning Code Section 418.3(d) Residential $20.55 per gross square foot.,"Register: Updated as of December 1, 2023, rates effective as of January 1, 2024)"
reg2024_vv_420,register rate,Visitacion Valley community facilities,8.6,$ / sf,,,,2024,,https://sfplanning.org/sites/default/files/forms/Impact_Fee_Schedule-2024.pdf,Section 420 Residential $8.60 per square foot,"Register: Updated as of December 1, 2023, rates effective as of January 1, 2024)"
reg2024_bp_422,register rate,Balboa Park community improvements,15.01,$ / gsf,,,,2024,,https://sfplanning.org/sites/default/files/forms/Impact_Fee_Schedule-2024.pdf,Section 422 Residential + Non- Residential Residential: $15.01/gsf,"Register: Updated as of December 1, 2023, rates effective as of January 1, 2024)"
reg2024_tc_4246,register rate,Transit Center open space (base),4.22,$ / gsf,,,,2024,,https://sfplanning.org/sites/default/files/forms/Impact_Fee_Schedule-2024.pdf,Section 424.6 All Residential: $4.22 base fee,"Register: Updated as of December 1, 2023, rates effective as of January 1, 2024)"
reg2024_tc_4247,register rate,Transit Center transportation and street (base),6.68,$ / gsf,,,,2024,,https://sfplanning.org/sites/default/files/forms/Impact_Fee_Schedule-2024.pdf,"Section 424.7 All Includes only columns B, C and D of table 424.7A: Residential: $6.68 base fee","Register: Updated as of December 1, 2023, rates effective as of January 1, 2024)"
reg2024_cs_432,register rate,Central SoMa community services facilities,1.63,$ / gsf,,,,2024,,https://sfplanning.org/sites/default/files/forms/Impact_Fee_Schedule-2024.pdf,Section 432 Residential + Non- Residential Residential: $1.63/gsf,"Register: Updated as of December 1, 2023, rates effective as of January 1, 2024)"
reg2024_cs_433_condo,register rate,"Central SoMa infrastructure, Tier B, condominium",25.03,$ / gsf,,,,2024,,https://sfplanning.org/sites/default/files/forms/Impact_Fee_Schedule-2024.pdf,Tier B - Condominium: $25.03/gsf,"Register: Updated as of December 1, 2023, rates effective as of January 1, 2024)"
reg2024_cs_433_rental,register rate,"Central SoMa infrastructure, Tier B, rental",12.52,$ / gsf,,,,2024,,https://sfplanning.org/sites/default/files/forms/Impact_Fee_Schedule-2024.pdf,Tier B - Rental: $12.52/gsf,"Register: Updated as of December 1, 2023, rates effective as of January 1, 2024)"
reg2024_school,register rate,"School impact fee (SFUSD, Education Code 17620)",3.79,$ / sf,,,,2024,,https://sfplanning.org/sites/default/files/forms/Impact_Fee_Schedule-2024.pdf,Residential per square foot = $3.79,"Register: Updated as of December 1, 2023, rates effective as of January 1, 2024)"
reg2025_incl_psf,register rate,Inclusionary fee per gsf of residential floor area,249.66,$ / gsf x applicable %,,,,2025,,https://sfplanning.org/sites/default/files/forms/Impact_Fee_Schedule-2025.pdf,$249.66 per square foot of Gross Floor Area (as defined in Section 401) of Residential use,"Register: Updated as of October 27, 2025, rates effective as of January 1, 2025)"
reg2025_tsf_21_99,register rate,"Transportation Sustainability Fee, 21--99 units",11.63,$ / gsf,,,,2025,,https://sfplanning.org/sites/default/files/forms/Impact_Fee_Schedule-2025.pdf,21-99 Units: $11.63 per gross sq. ft.,"Register: Updated as of October 27, 2025, rates effective as of January 1, 2025)"
reg2025_tsf_100,register rate,"Transportation Sustainability Fee, 100+ units",13.13,$ / gsf,,,,2025,,https://sfplanning.org/sites/default/files/forms/Impact_Fee_Schedule-2025.pdf,>99 Units: $13.13 per gross sq. ft.,"Register: Updated as of October 27, 2025, rates effective as of January 1, 2025)"
reg2025_cc_1_9,register rate,"Child care fee, residential, 1--9 units",1.39,$ / gsf,,,,2025,,https://sfplanning.org/sites/default/files/forms/Impact_Fee_Schedule-2025.pdf,1-9 Units: $1.39 per square foot,"Register: Updated as of October 27, 2025, rates effective as of January 1, 2025)"
reg2025_cc_10,register rate,"Child care fee, residential, 10+ units",2.74,$ / gsf,,,,2025,,https://sfplanning.org/sites/default/files/forms/Impact_Fee_Schedule-2025.pdf,10 Units and Above: $2.74 per square foot,"Register: Updated as of October 27, 2025, rates effective as of January 1, 2025)"
reg2025_en_t1,register rate,"Eastern Neighborhoods, Tier 1",15.31,$ / gsf,,,,2025,,https://sfplanning.org/sites/default/files/forms/Impact_Fee_Schedule-2025.pdf,Tier 1: Residential: $15.31/gsf,"Register: Updated as of October 27, 2025, rates effective as of January 1, 2025)"
reg2025_en_t2,register rate,"Eastern Neighborhoods, Tier 2",22.97,$ / gsf,,,,2025,,https://sfplanning.org/sites/default/files/forms/Impact_Fee_Schedule-2025.pdf,Tier 2: Residential: $22.97/gsf,"Register: Updated as of October 27, 2025, rates effective as of January 1, 2025)"
reg2025_en_t3,register rate,"Eastern Neighborhoods, Tier 3",30.64,$ / gsf,,,,2025,,https://sfplanning.org/sites/default/files/forms/Impact_Fee_Schedule-2025.pdf,Tier 3: Residential: $30.64/gsf,"Register: Updated as of October 27, 2025, rates effective as of January 1, 2025)"
reg2025_mo_421,register rate,Market and Octavia community improvements,17.22,$ / gsf,,,,2025,,https://sfplanning.org/sites/default/files/forms/Impact_Fee_Schedule-2025.pdf,Section 421 Residential + Non- Residential Residential: $17.22/gsf,"Register: Updated as of October 27, 2025, rates effective as of January 1, 2025)"
reg2025_mo_416_nct,register rate,"Market and Octavia affordable housing fee, NCT",6.9,$ / gsf,,,,2025,,https://sfplanning.org/sites/default/files/forms/Impact_Fee_Schedule-2025.pdf,Section 416 Residential $6.90/sf for NCT,"Register: Updated as of October 27, 2025, rates effective as of January 1, 2025)"
reg2025_mo_416_vnm,register rate,"Market and Octavia affordable housing fee, Van Ness & Market SUD",13.77,$ / gsf,,,,2025,,https://sfplanning.org/sites/default/files/forms/Impact_Fee_Schedule-2025.pdf,Section 416 Residential $6.90/sf for NCT and $13.77/ sf for Van Ness,"Register: Updated as of October 27, 2025, rates effective as of January 1, 2025)"
reg2025_rh_418,register rate,Rincon Hill community infrastructure,16.48,$ / gsf,,,,2025,,https://sfplanning.org/sites/default/files/forms/Impact_Fee_Schedule-2025.pdf,Section 418 Residential $16.48 per gross square foot (Table 418.3A),"Register: Updated as of October 27, 2025, rates effective as of January 1, 2025)"
reg2025_soma_418,register rate,SOMA community stabilization (Rincon Hill),20.96,$ / gsf,,,,2025,,https://sfplanning.org/sites/default/files/forms/Impact_Fee_Schedule-2025.pdf,Community Stabilization Fee Rincon Hill Planning Code Section 418.3(d) Residential $20.96 per gross square foot.,"Register: Updated as of October 27, 2025, rates effective as of January 1, 2025)"
reg2025_vv_420,register rate,Visitacion Valley community facilities,8.77,$ / sf,,,,2025,,https://sfplanning.org/sites/default/files/forms/Impact_Fee_Schedule-2025.pdf,Section 420 Residential $8.77 per square foot,"Register: Updated as of October 27, 2025, rates effective as of January 1, 2025)"
reg2025_bp_422,register rate,Balboa Park community improvements,15.31,$ / gsf,,,,2025,,https://sfplanning.org/sites/default/files/forms/Impact_Fee_Schedule-2025.pdf,Section 422 Residential + Non- Residential Residential: $15.31/gsf,"Register: Updated as of October 27, 2025, rates effective as of January 1, 2025)"
reg2025_tc_4246,register rate,Transit Center open space (base),4.3,$ / gsf,,,,2025,,https://sfplanning.org/sites/default/files/forms/Impact_Fee_Schedule-2025.pdf,Section 424.6 All Residential: $4.30 base fee,"Register: Updated as of October 27, 2025, rates effective as of January 1, 2025)"
reg2025_tc_4247,register rate,Transit Center transportation and street (base),6.81,$ / gsf,,,,2025,,https://sfplanning.org/sites/default/files/forms/Impact_Fee_Schedule-2025.pdf,"Section 424.7 All Includes only columns B, C and D of table 424.7A: Residential: $6.81 base fee","Register: Updated as of October 27, 2025, rates effective as of January 1, 2025)"
reg2025_cs_432,register rate,Central SoMa community services facilities,1.66,$ / gsf,,,,2025,,https://sfplanning.org/sites/default/files/forms/Impact_Fee_Schedule-2025.pdf,Section 432 Residential + Non- Residential Residential: $1.66/gsf,"Register: Updated as of October 27, 2025, rates effective as of January 1, 2025)"
reg2025_cs_433_condo,register rate,"Central SoMa infrastructure, Tier B, condominium",25.53,$ / gsf,,,,2025,,https://sfplanning.org/sites/default/files/forms/Impact_Fee_Schedule-2025.pdf,Tier B - Condominium: $25.53/gsf,"Register: Updated as of October 27, 2025, rates effective as of January 1, 2025)"
reg2025_cs_433_rental,register rate,"Central SoMa infrastructure, Tier B, rental",12.77,$ / gsf,,,,2025,,https://sfplanning.org/sites/default/files/forms/Impact_Fee_Schedule-2025.pdf,Tier B - Rental: $12.77/gsf,"Register: Updated as of October 27, 2025, rates effective as of January 1, 2025)"
reg2025_school,register rate,"School impact fee (SFUSD, Education Code 17620)",3.79,$ / sf,,,,2025,,https://sfplanning.org/sites/default/files/forms/Impact_Fee_Schedule-2025.pdf,Residential per square foot = $3.79,"Register: Updated as of October 27, 2025, rates effective as of January 1, 2025)"
reg2026_incl_psf,register rate,Inclusionary fee per gsf of residential floor area,249.66,$ / gsf x applicable %,,,,2026,,https://sfplanning.org/sites/default/files/forms/Impact_Fee_Schedule.pdf,$249.66 per square foot of Gross Floor Area (as defined in Section 401) of Residential use,"Register: Effective January 1, 2026"
reg2026_tsf_21_99,register rate,"Transportation Sustainability Fee, 21--99 units",11.86,$ / gsf,,,,2026,,https://sfplanning.org/sites/default/files/forms/Impact_Fee_Schedule.pdf,21-99 Units: $11.86 per gross sq. ft.,"Register: Effective January 1, 2026"
reg2026_tsf_100,register rate,"Transportation Sustainability Fee, 100+ units",13.39,$ / gsf,,,,2026,,https://sfplanning.org/sites/default/files/forms/Impact_Fee_Schedule.pdf,>99 Units: $13.39 per gross sq. ft.,"Register: Effective January 1, 2026"
reg2026_cc_1_9,register rate,"Child care fee, residential, 1--9 units",1.41,$ / gsf,,,,2026,,https://sfplanning.org/sites/default/files/forms/Impact_Fee_Schedule.pdf,1-9 Units: $1.41 per square foot,"Register: Effective January 1, 2026"
reg2026_cc_10,register rate,"Child care fee, residential, 10+ units",2.8,$ / gsf,,,,2026,,https://sfplanning.org/sites/default/files/forms/Impact_Fee_Schedule.pdf,10 Units and Above: $2.80 per square foot,"Register: Effective January 1, 2026"
reg2026_en_t1,register rate,"Eastern Neighborhoods, Tier 1",15.62,$ / gsf,,,,2026,,https://sfplanning.org/sites/default/files/forms/Impact_Fee_Schedule.pdf,Tier 1: Residential: $15.62/gsf,"Register: Effective January 1, 2026"
reg2026_en_t2,register rate,"Eastern Neighborhoods, Tier 2",23.43,$ / gsf,,,,2026,,https://sfplanning.org/sites/default/files/forms/Impact_Fee_Schedule.pdf,Tier 2: Residential: $23.43/gsf,"Register: Effective January 1, 2026"
reg2026_en_t3,register rate,"Eastern Neighborhoods, Tier 3",31.24,$ / gsf,,,,2026,,https://sfplanning.org/sites/default/files/forms/Impact_Fee_Schedule.pdf,Tier 3: Residential: $31.24/gsf,"Register: Effective January 1, 2026"
reg2026_mo_421,register rate,Market and Octavia community improvements,17.57,$ / gsf,,,,2026,,https://sfplanning.org/sites/default/files/forms/Impact_Fee_Schedule.pdf,Section 421 Residential + Non- Residential Residential: $17.57/gsf,"Register: Effective January 1, 2026"
reg2026_mo_416_nct,register rate,"Market and Octavia affordable housing fee, NCT",7.03,$ / gsf,,,,2026,,https://sfplanning.org/sites/default/files/forms/Impact_Fee_Schedule.pdf,Section 416 Residential $7.03/sf for NCT,"Register: Effective January 1, 2026"
reg2026_mo_416_vnm,register rate,"Market and Octavia affordable housing fee, Van Ness & Market SUD",14.06,$ / gsf,,,,2026,,https://sfplanning.org/sites/default/files/forms/Impact_Fee_Schedule.pdf,Section 416 Residential $7.03/sf for NCT and $14.06/ sf for Van Ness,"Register: Effective January 1, 2026"
reg2026_rh_418,register rate,Rincon Hill community infrastructure,16.79,$ / gsf,,,,2026,,https://sfplanning.org/sites/default/files/forms/Impact_Fee_Schedule.pdf,Section 418 Residential $16.79 per gross square foot (Table 418.3A),"Register: Effective January 1, 2026"
reg2026_soma_418,register rate,SOMA community stabilization (Rincon Hill),21.38,$ / gsf,,,,2026,,https://sfplanning.org/sites/default/files/forms/Impact_Fee_Schedule.pdf,Community Stabilization Fee Rincon Hill Planning Code Section 418.3(d) Residential $21.38 per gross square foot.,"Register: Effective January 1, 2026"
reg2026_vv_420,register rate,Visitacion Valley community facilities,8.94,$ / sf,,,,2026,,https://sfplanning.org/sites/default/files/forms/Impact_Fee_Schedule.pdf,Section 420 Residential $8.94 per square foot,"Register: Effective January 1, 2026"
reg2026_bp_422,register rate,Balboa Park community improvements,15.62,$ / gsf,,,,2026,,https://sfplanning.org/sites/default/files/forms/Impact_Fee_Schedule.pdf,Section 422 Residential + Non- Residential Residential: $15.62/gsf,"Register: Effective January 1, 2026"
reg2026_tc_4246,register rate,Transit Center open space (base),4.39,$ / gsf,,,,2026,,https://sfplanning.org/sites/default/files/forms/Impact_Fee_Schedule.pdf,Section 424.6 All Residential: $4.39 base fee,"Register: Effective January 1, 2026"
reg2026_tc_4247,register rate,Transit Center transportation and street (base),6.95,$ / gsf,,,,2026,,https://sfplanning.org/sites/default/files/forms/Impact_Fee_Schedule.pdf,"Section 424.7 All Includes only columns B, C and D of table 424.7A: Residential: $6.95 base fee","Register: Effective January 1, 2026"
reg2026_cs_432,register rate,Central SoMa community services facilities,1.7,$ / gsf,,,,2026,,https://sfplanning.org/sites/default/files/forms/Impact_Fee_Schedule.pdf,Section 432 Residential + Non- Residential Residential: $1.70/gsf,"Register: Effective January 1, 2026"
reg2026_cs_433_condo,register rate,"Central SoMa infrastructure, Tier B, condominium",26.04,$ / gsf,,,,2026,,https://sfplanning.org/sites/default/files/forms/Impact_Fee_Schedule.pdf,Tier B - Condominium: $26.04/gsf,"Register: Effective January 1, 2026"
reg2026_cs_433_rental,register rate,"Central SoMa infrastructure, Tier B, rental",13.03,$ / gsf,,,,2026,,https://sfplanning.org/sites/default/files/forms/Impact_Fee_Schedule.pdf,Tier B - Rental: $13.03/gsf,"Register: Effective January 1, 2026"
reg2026_school,register rate,"School impact fee (SFUSD, Education Code 17620)",3.79,$ / sf,,,,2026,,https://sfplanning.org/sites/default/files/forms/Impact_Fee_Schedule.pdf,Residential per square foot = $3.79,"Register: Effective January 1, 2026"
